"year","areaTotal_ha","areaZone_ha","zone"
1973,133.477266072,133.477266072,"G10"
1973,42.8223011621,42.8223011622,"G5"
1973,91.4674317836,91.4674317836,"G5"
1973,982.265077825,982.265077826,"G8"
1973,59.9077677299,59.9077677301,"G6"
1973,424.160805719,424.160805719,"G8"
1973,4814.14010107,4315.332393513,"G1"
1973,4247.17307241,4247.17307241624,"G1"
1973,4162.12995008,4162.12995008043,"G1"
1973,433.994879037,433.99487903669,"G1"
1973,314.276077918,314.2760779184,"G3"
1973,278.231459782,278.23145978149,"G3"
1973,378.178695292,378.178695291523,"G1"
1973,574.009158426,574.009158426148,"G1"
1974,706.379811834,706.379811833,"G5"
1974,205.478707748,205.4787077486,"G6"
1974,85.1656717545,85.1656717548,"G5"
1974,4510.23810432,4510.23810432,"G4"
1974,46.8925813228,46.8925813231,"G5"
1974,101.271922835,101.271922835,"G5"
1974,106.539917169,106.539917169,"G5"
1974,511.278829098,511.278829097,"G5"
1974,38.2604759561,38.2604759561,"G4"
1974,43.343092711,43.3430927111,"G4"
1974,487.673387393,487.673387395,"G4"
1974,335.211128825,335.211128826,"G7"
1974,33.744516139,33.744516139,"G5"
1974,405.464280853,405.464280853,"G5"
1974,109.204467832,109.2044678325,"G5"
1974,32.1051909895,32.1051909898,"G5"
1974,276.001931088,276.0019310874,"G5"
1974,114.214637621,114.214637621,"G5"
1974,11166.4050379,11166.4050378559,"G5"
1974,1007.11479309,1007.1147930904,"G6"
1974,2195.80641881,2195.80641881,"G6"
1975,1548.53599686,1548.53599686,"G10"
1975,112.38325585,112.3832558503,"G7"
1975,160.923097076,160.92309707617,"G5"
1975,789.392382832,789.392382834,"G4"
1975,87.6811052192,87.6811052195,"G8"
1975,78.9022001738,60.7996729846,"G7"
1975,1095.77298751,1095.77298750779,"G3"
1975,1017.56545959,1017.565459586,"G3"
1975,4487.55992087,4318.502621859,"G7"
1975,169.475331568,169.475331568,"G8"
1975,101.40800941,101.40800941,"G8"
1975,88.0516748271,88.0516748271,"G9"
1975,30626.7456899,28445.9678815748,"G3"
1975,1323.16517225,1323.16524910003,"G5"
1975,7761.98683124,7761.98683124,"G8"
1976,907.842907854,858.768360601,"G8"
1976,73.6558014357,73.655801436,"G5"
1976,218122.608255,111837.452725224,"G5"
1976,505.036796274,505.036796274,"G6"
1976,1907.5439011,1902.78122905,"G5"
1976,83.1539828499,83.15398285,"G6"
1976,72.1353044786,72.1353044784,"G8"
1976,2379.4765169,2378.51448289,"G9"
1976,97.8229394826,97.822939483,"G8"
1976,250.570509066,250.570509066,"G5"
1976,324.758249934,324.758249935,"G8"
1976,114.208512687,114.208512688,"G8"
1976,114.674507252,114.674507252,"G9"
1976,76.2086662585,76.20866625847,"G6"
1976,971.134795777,971.134795777,"G8"
1976,847.771595612,847.771595612375,"G3"
1976,548.418959597,548.418959598,"G5"
1976,10523.6676374,10523.6676374,"G8"
1976,8157.89616514,8157.8961651396,"G4"
1976,363.645136404,363.64513640339,"G8"
1976,727.007617805,726.987979785,"G8"
1976,2718.51636398,2718.5163639754,"G3"
1976,4437.91444346,4437.914443468,"G3"
1976,175.089838942,175.0898389417,"G8"
1976,89.0479821015,89.0479821017,"G8"
1976,169.821413813,169.821413813,"G8"
1976,98.2075982415,98.2075982416,"G8"
1976,1124.48422371,1124.484223706,"G4"
1976,107.296550605,107.296550605,"G4"
1976,1381.32293595,756.272105805,"G1"
1976,2563.73463714,2014.24744651182,"G1"
1976,337.260255516,196.02374117527,"G1"
1976,2464.19330243,2464.19330242832,"G1"
1976,863.49325963,863.493259629,"G4"
1976,666.189593867,666.1895938673,"G5"
1976,3298.62634128,3298.62634127821,"G5"
1976,87.198155811,87.1981558109,"G5"
1976,13781.3222897,13781.3222896557,"G5"
1976,755.30271165,755.30271165,"G5"
1976,2174.27553911,2174.27553911,"G5"
1976,18401.992884,18401.992883996,"G5"
1976,1059.91778786,1059.91778786,"G5"
1976,54609.6519714,50954.1164134429,"G5"
1976,26575.3115778,22877.9987581625,"G6"
1976,1020.09165256,1020.09165256,"G9"
1976,27897.2465467,27897.2465393414,"G5"
1976,2059.03150763,2059.03150763,"G6"
1976,711.981135334,711.9811353348,"G6"
1976,4452.57293935,4452.57293935,"G6"
1976,2565.80648745,2565.806487453,"G3"
1976,4818.95085997,4818.950859973,"G5"
1976,3200.18196461,3200.18196461,"G7"
1976,55.1728239362,55.17282393638,"G4"
1976,3039.26067455,3039.260674543,"G10"
1976,1243.91097391,1243.91097391,"G6"
1976,197.186800384,197.186800384,"G8"
1976,5036.08805894,5027.190486723,"G4"
1976,1320.86899963,1320.86899962489,"G8"
1976,2507.75526515,2340.34521286,"G7"
1976,22348.6815743,22348.681574328,"G8"
1976,289.726681596,213.657377066,"G6"
1976,1388.71694123,1388.71694123,"G8"
1976,4199.01384098,1035.78517615,"G6"
1977,793.305352198,793.305352199,"G5"
1977,1050.52979119,1050.52979119,"G9"
1977,140.080771916,140.080771916,"G10"
1977,312.44459499,312.4445949907,"G5"
1977,943.936491367,943.936491367,"G4"
1977,16413.4308333,13025.9902671038,"G3"
1977,63.3299136308,63.3299136307,"G4"
1978,103.697406255,103.697406255,"G8"
1978,322.463797868,322.463797868,"G4"
1978,919.588175063,919.588175063,"G1"
1978,69.6035945225,69.6035945226125,"G6"
1979,1783.29270198,1602.365644048,"G9"
1979,393.20846864,393.20846864092,"G6"
1979,102.434604731,102.434604731,"G10"
1979,904.493279033,904.4932790342,"G1"
1979,117.31968385,117.3196838505,"G4"
1979,41.1972556923,41.1972556924,"G5"
1979,30.3638949159,30.3638949158,"G1"
1980,74.9626925512,74.9626925514,"G9"
1980,237.827488068,200.775460867,"G10"
1980,1309.93915715,1309.93915715204,"G6"
1980,783.8872531,783.887253101,"G8"
1980,443.514852966,443.5148529662,"G5"
1980,688.313996032,688.313996031,"G8"
1980,123.462423442,123.462423443,"G8"
1980,486.535064313,486.535064312,"G4"
1980,4764.76002397,4191.7000411825,"G4"
1980,258.252204407,258.252204407,"G8"
1980,77.4869954403,77.4869954403,"G4"
1980,247.710342711,247.7103427121,"G3"
1980,1417.14380393,1417.143803933,"G4"
1980,42.6886492598,42.68864925983,"G5"
1980,7371.78864958,7371.78864958,"G8"
1981,2107.77097073,1856.800078408,"G1"
1981,58.9702571199,58.9702571197,"G8"
1981,44568.2410641,44525.3186727899,"G4"
1981,187.145726895,187.14572689403,"G3"
1981,345.854692991,345.8546929902,"G3"
1981,10618.7863068,10567.1127585,"G7"
1981,10556.0312535,10556.0312535068,"G3"
1981,6609.39991809,6609.399918086,"G1"
1981,18149.2720845,18149.2720845054,"G1"
1981,877.748625208,877.7486252081,"G3"
1981,189.887317994,189.8873179936,"G4"
1981,172.908413742,172.908413742,"G8"
1981,24475.0509498,23713.5652933967,"G3"
1981,252.305571288,252.30557128764,"G4"
1981,14664.9424114,12946.7829566218,"G4"
1981,167.752743569,167.7527435693,"G7"
1981,5265.78824865,4773.14564297,"G1"
1981,841.38519366,816.860741464,"G8"
1981,14854.7808834,14854.7808833465,"G7"
1982,202.458692285,195.712014898,"G10"
1982,374.629155928,374.62915592646,"G5"
1982,227.241080007,227.241080008,"G5"
1982,121.942382326,121.942382326,"G8"
1982,64.9049664728,64.9049664728,"G5"
1982,102.495184357,102.495184358,"G6"
1982,1703.57282332,1146.6332717888,"G3"
1982,147.013205029,147.013205029,"G5"
1982,124.817680918,124.817680918,"G5"
1982,112.362883834,112.362883834,"G5"
1982,270.661502034,270.661502034,"G5"
1982,90.2285936702,90.2285936699,"G8"
1982,1979.32766858,1979.3276685759,"G3"
1982,565.719094523,387.9872067884,"G3"
1982,392.045662336,392.0456623369,"G3"
1982,1692.21345226,1692.213452264,"G3"
1982,1266.99941692,1025.15668614,"G3"
1982,39.5524835161,39.5524835161,"G5"
1982,18.4010958096,18.4010958096,"G6"
1982,282.552054676,162.563619399,"G6"
1983,22640.0919123,17981.9907486,"G6"
1983,266.731583773,266.731583773,"G4"
1983,140.371188552,140.371188553,"G8"
1983,187.266824405,187.266824405,"G6"
1983,227.635420986,227.635420986,"G6"
1983,202.125392102,202.125392102,"G3"
1983,44767.9928062,26805.1278982092,"G5"
1983,318.79377191,318.79377191,"G8"
1983,133.936895055,133.9368950548,"G3"
1983,266.157589733,141.532108676,"G3"
1983,50.1145614801,50.1145614799769,"G2"
1983,262.294051937,262.2940519373,"G3"
1983,245.152582632,245.152582631783,"G3"
1983,249.307189002,249.30718900178,"G4"
1983,68433.0515867,43775.3308939369,"G3"
1983,336.510195621,307.239039196219,"G3"
1983,27180.8424006,14283.094758424,"G4"
1983,173.239357082,173.2393570813,"G4"
1983,17031.361683,15649.6859712976,"G3"
1983,262.493059727,262.493059726,"G7"
1983,2132.49567467,2132.495674664,"G7"
1983,11815.7542521,10664.5040987541,"G1"
1983,36836.7593659,35191.1503498767,"G3"
1983,2396.91846188,2371.60437543,"G1"
1983,2130.66138177,2130.66138177,"G8"
1983,39803.5652061,37952.2372616671,"G4"
1983,16173.5857708,16173.5857707973,"G1"
1983,17067.1070924,13432.766390771,"G1"
1983,40687.4149164,40083.457162145,"G4"
1983,753.146611956,753.14661195756,"G3"
1983,301.999596407,300.665899436,"G1"
1983,76240.868451,45363.5624792564,"G1"
1983,9724.85225748,9724.85225748724,"G4"
1983,318.31465999,318.31465999052,"G4"
1983,36887.0857563,36887.0857562531,"G4"
1983,14721.5832152,13491.8352062874,"G1"
1983,1565.57272384,1565.57272383642,"G3"
1983,104.830128719,104.830128719033,"G1"
1983,73.2363668135,73.2363643308402,"G1"
1983,499.002632713,318.327023751342,"G1"
1983,19430.3409453,15153.9482544052,"G1"
1983,12.4565713175,12.45657131737,"G4"
1983,3958.71981607,3934.65521387928,"G4"
1983,467.553726474,467.55372647387,"G4"
1983,2529.07622673,2082.801843501,"G4"
1983,3792.36363873,3792.36363873,"G4"
1983,46.6119819089,46.6119819088,"G4"
1983,1706.99946399,1706.99946399,"G5"
1983,29436.4894684,29434.2926674863,"G3"
1983,83638.8316343,83638.8316006798,"G3"
1983,2139.09659794,2139.09659794375,"G4"
1983,4975.68035574,4975.68035574,"G4"
1983,1042.7640803,1042.18626932,"G7"
1983,597.730410609,597.7304106096,"G4"
1983,69.1527927565,69.1527927565,"G4"
1983,19436.2870591,18180.9570477876,"G4"
1983,70783.6484664,49865.82877668,"G6"
1984,119.036317266,119.036317265,"G8"
1984,84.11124361,84.1112436102,"G8"
1984,128.503435933,128.503435933,"G5"
1984,1247.20921087,957.5333989692,"G5"
1985,2368.06000087,2121.64357083,"G4"
1985,78.6576567347,78.6576567345,"G3"
1985,161.070899869,161.070899869,"G5"
1985,570.292243301,570.292243302,"G3"
1985,48650.791139,48650.7911389974,"G3"
1985,1346.96812495,1346.9681249488,"G5"
1985,5765.70260624,4571.125146822,"G2"
1985,4385.03729883,4385.0372988262,"G2"
1985,5103.71627928,5103.71627928,"G5"
1985,1016.11658548,1016.11658548,"G5"
1986,868.283613038,719.381492503,"G6"
1986,239.054458906,239.054458906,"G9"
1986,134.47975566,134.479755661,"G5"
1986,1058.49925675,1058.499256751,"G5"
1986,197.95225911,197.95225911,"G5"
1986,174.250946287,174.250946287,"G8"
1986,118.809796647,118.809796647,"G5"
1986,6341.49407263,6341.4940726324,"G3"
1986,157.436862406,104.427123909,"G8"
1986,288.96024586,288.9602458591,"G1"
1986,29.4914676771,29.4914676773,"G8"
1986,307.651561688,307.651561688,"G5"
1986,7056.49541371,6617.34643955,"G8"
1986,17168.7354878,15973.8809379945,"G8"
1986,6347.32881903,6296.30265863,"G7"
1986,2617.05144037,2365.26797811232,"G7"
1986,353.036718514,353.036718514,"G8"
1986,2285.84360786,2285.84360786,"G8"
1986,22736.868623,22736.8686241702,"G3"
1986,7716.65882873,7716.65882873,"G8"
1986,17508.4022013,17346.7956376094,"G5"
1986,34435.9750925,18585.9301381869,"G7"
1986,2309.86476358,2309.86476358232,"G7"
1986,56449.5815628,29095.3668172482,"G4"
1987,152.342020567,152.3420205669,"G5"
1987,72.9142231922,72.9142231921,"G8"
1987,142.912709466,142.9127094663,"G4"
1987,2434.23928381,2418.222159559,"G4"
1987,215.28332414,215.2833241394,"G3"
1987,161.092456329,161.092456329,"G3"
1987,9253.76759291,9253.76760027175,"G5"
1987,721.964860552,721.964860553,"G5"
1987,272.400924241,272.4009242412,"G5"
1987,1330.59589564,223.111703046,"G5"
1987,4561.9924053,4561.9924053,"G5"
1987,2467.06940334,2467.06940334,"G5"
1987,2786.57229401,2623.049566076,"G3"
1988,910.798786951,903.5005603604,"G8"
1988,140.955137126,114.203990439,"G7"
1988,85.1531481144,85.1531481145,"G7"
1988,241.023629066,241.02362906527,"G5"
1988,100.848983955,100.848983955,"G8"
1988,833.80123435,833.801234351,"G2"
1988,558.51036993,539.578484854,"G6"
1988,1011.62161979,1011.62161979,"G4"
1988,14519.157758,14519.1577595016,"G1"
1988,336.653749459,336.653749459,"G1"
1988,804.797235709,703.8652706,"G3"
1988,4316.39926093,3412.4003638816,"G3"
1988,94.1625448057,94.1625448056,"G4"
1988,876.564397693,876.56439769303,"G3"
1988,1909.2109306,1845.8591331431,"G4"
1988,269.501096045,269.5010960452,"G3"
1988,39.3665366352,39.3665366351,"G6"
1988,2149.64447467,2149.6444746609,"G4"
1988,821.245356471,821.24535647,"G8"
1988,271.146081317,271.146081317,"G4"
1988,332.465722544,332.4657225441,"G4"
1988,6872.03043608,6862.3830050779,"G4"
1989,87.973887984,87.9738879845,"G8"
1989,4037.00572012,2460.83061056,"G7"
1989,78.3273005615,78.3273005615,"G8"
1989,297.494093907,297.4940939069,"G8"
1989,221.861800103,221.8618001021,"G1"
1989,141.785567699,141.785567699,"G4"
1989,153.643624961,153.643624961,"G4"
1989,73.7537379285,73.7537379286,"G3"
1989,64434.977724,26039.5483188205,"G1"
1989,160264.362201,105965.691811703,"G1"
1989,24837.8109458,24837.8109458144,"G1"
1989,13813.4017942,13484.4277542871,"G4"
1989,260936.540394,77644.332119467,"G1"
1989,617.840128058,617.8401280578,"G6"
1989,133245.434107,85276.8803225801,"G4"
1989,406446.076384,247300.904127104,"G1"
1989,45177.1394371,45028.461337931,"G1"
1989,15164.8797391,15164.879739122,"G5"
1989,114065.280094,114065.280103606,"G1"
1989,9578.77183587,9578.77184198761,"G1"
1989,38565.0556941,38565.0556941091,"G1"
1990,275.951752911,275.9517529107,"G4"
1990,385.931628993,373.777324491258,"G4"
1990,411.596921777,411.596921777,"G8"
1990,1012.57411013,1012.5741101243,"G1"
1990,3435.91476956,3435.914769558,"G3"
1990,266.180300499,266.1803004988,"G3"
1990,795.814279684,795.8142796847,"G3"
1990,1343.12803977,1343.12803977,"G4"
1990,370.267712293,370.2677122936,"G4"
1990,279.337257894,279.337257894,"G4"
1990,239.493671522,239.493671521856,"G5"
1990,4037.80274796,4037.80274796,"G8"
1990,1437.71488235,1437.71488234782,"G5"
1990,30.7125963917,30.7125963916,"G6"
1990,135.544691454,135.5446914543,"G6"
1990,10510.2887885,10510.28878846,"G4"
1990,6369.0428929,4271.64037553,"G7"
1990,324.839258255,324.839258255,"G7"
1990,545.541140013,545.541140014,"G7"
1990,11036.3022447,10722.5424508495,"G1"
1990,24405.9007071,18948.4440262,"G6"
1990,2819.47356342,1841.9519621752,"G4"
1990,1640.49892453,1640.49892453,"G7"
1990,186.130372323,186.130372323,"G7"
1990,267.134300157,267.134300158,"G7"
1990,5924.09803154,5923.2089101621,"G7"
1991,278.869521901,278.869521900561,"G1"
1991,644.717401264,644.717401263448,"G1"
1991,1912.51038485,1912.510384846,"G3"
1991,396.986712096,396.986712096338,"G4"
1991,461.843119921,268.7022638051,"G1"
1991,544.762940853,467.93133413643,"G1"
1991,329.980766119,329.98076611929,"G1"
1991,644.133647006,644.133647004,"G7"
1991,3176.0009807,3176.000980699,"G7"
1991,312.08849009,312.08849009,"G8"
1991,212.058508191,135.586283741,"G8"
1991,322.915895567,322.915895567,"G6"
1991,232.558118421,232.558118421,"G5"
1991,4466.27384572,4466.27384572,"G6"
1991,302.927511292,302.927511292,"G5"
1991,33426.8265613,33426.826561275,"G5"
1991,2761.22949133,2111.046285467,"G4"
1991,183.568970448,183.5689704485,"G7"
1991,449.224367495,449.2243674951,"G4"
1991,225825.523954,19989.680764099,"G6"
1991,25861.1275948,23942.275229555,"G6"
1991,11476.2909155,11476.290915511,"G5"
1991,48771.8196385,36632.962434556,"G5"
1991,104.026515623,104.026515623,"G5"
1991,609.90289808,609.90289808,"G6"
1991,87920.3295631,32693.4525486498,"G6"
1992,320.225822398,320.225822398,"G4"
1992,6583.25776699,6484.249072193,"G3"
1992,78.1386571912,78.1386571913,"G3"
1992,36.9522964314,36.9522964314,"G6"
1992,2657.27332404,2604.02948379,"G7"
1992,1872.9799377,1872.9799377,"G8"
1993,616.8387753,551.9888882378,"G4"
1993,30355.8137643,28517.76258696,"G5"
1993,72184.4474291,62001.7515668681,"G3"
1972,1493.77772289,1493.777722887,"G3"
1972,2817.73910382,2817.73910382018,"G4"
1972,4345.55713055,4345.5571305457,"G7"
1972,521.430754333,521.430754333,"G4"
1972,648.30743585,648.30743585,"G3"
1972,61705.2969717,61705.2969716248,"G1"
1994,31868.5835911,26579.3045393343,"G1"
1994,206.251306195,206.251306195,"G6"
1994,39.6821008267,39.6821008268,"G6"
1994,80.3178837894,80.3178837894,"G8"
1994,133.994050244,133.994050244605,"G4"
1994,2987.61439514,2987.61439514,"G7"
1994,260.074866999,260.0748669987,"G3"
1994,571.295334083,571.295334083,"G3"
1994,5369.57306328,3568.4685794345,"G4"
1994,465.542306367,465.5423063662,"G8"
1994,770.313013491,770.313013491,"G4"
1994,278.052452618,278.0524526189,"G6"
1994,84.915595759,84.9155957594,"G3"
1994,42.1528504483,42.152850448321,"G4"
1994,511.661817744,405.810630943,"G3"
1994,448.248787726,448.248787726,"G5"
1995,40495.2334622,3406.569846636,"G6"
1995,55.3236317371,55.3236317372,"G5"
1995,2153.60558159,2153.60558158646,"G3"
1995,3577.51848534,3577.5184853418,"G3"
1995,224.137988,224.137988,"G3"
1995,514.498690239,514.4986902383,"G8"
1995,2001.36838258,2001.36838258,"G6"
1995,4457.92851929,2215.79655118,"G1"
1995,758.686173762,758.686173763,"G4"
1995,41.2082066966,41.2082066967,"G5"
1995,762.357906557,762.357906556,"G2"
1995,925.409395396,925.409395396,"G1"
1995,50.750170021,50.750170021,"G6"
1995,120.520941051,120.520941051,"G6"
1995,38.1637285842,38.1637285841,"G5"
1995,38.9537846184,38.9537846185,"G6"
1995,65.5272247076,65.5272247075,"G5"
1995,154.076723482,154.07672348144,"G5"
1995,42.1528470171,42.15284701694,"G5"
1995,46.2331168787,46.2331168789,"G5"
1995,24.3710254579,24.3710254579,"G3"
1995,18.8261060568,18.8261060568,"G5"
1995,33.9120154099,33.9120154097,"G8"
1995,71.705658592,71.705658591776,"G1"
1995,395.047947661,395.047947661,"G6"
1995,118.481623764,118.4816237648,"G8"
1995,48.6708208822,48.6708208824,"G5"
1995,512.891853306,512.891853306,"G5"
1995,76.8622257285,76.8622257283,"G5"
1995,42.9193917514,42.9193917512,"G5"
1995,202.597203315,202.597203314,"G6"
1995,289.74704126,289.74704126,"G6"
1995,283.740559111,283.7405591113,"G5"
1995,28.749916269,28.74991626908,"G5"
1995,34.8942176696,34.8942176694,"G8"
1995,363.917418642,363.9174186408,"G1"
1995,37.5749920986,37.574992098421,"G4"
1995,453.438505776,453.4385057757,"G4"
1995,3043.14391948,3043.143919473,"G3"
1995,411.212226417,411.212226417,"G4"
1995,27128.2831656,25510.0266748887,"G3"
1995,17139.821175,12724.56406374,"G3"
1995,58.307404282,58.3074042821,"G10"
1995,27.7869849484,27.7869849483,"G4"
1995,41.9401282724,41.94012787648,"G3"
1995,199.179830331,199.179830331,"G8"
1995,1399.58973647,1399.589737371,"G3"
1995,2251.4957598,2251.4957598045,"G3"
1995,7788.88478426,3587.96650867,"G9"
1995,21.2522589153,21.2522589152,"G8"
1995,90023.9781187,83322.9243354794,"G1"
1995,36166.8491194,34642.749847806,"G2"
1995,42.4960020625,42.4960020625,"G5"
1995,33.8733117208,33.8733117208,"G10"
1995,12692.7618398,11570.4250068508,"G5"
1995,31421.0497226,31421.0497330956,"G3"
1995,194484.435018,139624.954083128,"G3"
1995,150.416430082,147.2961518907,"G4"
1995,53147.0937488,50499.9707629,"G5"
1995,103.530256254,103.5302562544,"G5"
1995,120.586672005,120.586672005,"G6"
1995,10380.1750632,8531.676781561,"G4"
1995,1095.19300489,1095.19300489,"G8"
1996,128.486625557,128.480117695,"G3"
1996,12036.3141476,11388.5241044285,"G4"
1996,15609.3727283,15117.331369945,"G5"
1996,85.1764095357,85.1764095356,"G6"
1996,49.1826085073,49.1826085073,"G6"
1996,278.806144469,278.8061444683,"G5"
1996,3001.78632705,3001.78632706,"G3"
1996,17.7505112625,17.7505112625,"G6"
1996,198.12518949,198.125189490101,"G8"
1996,28.4679624706,25.9702864526,"G4"
1996,529.822773385,529.822773385,"G5"
1996,41.8750469887,36.7404337731,"G3"
1996,11861.9130994,11861.9130993813,"G3"
1996,289.04895585,289.04895585,"G7"
1996,33788.7153746,33788.7153745956,"G3"
1996,52.4131576891,52.4131576891114,"G6"
1996,29.9405134604,29.9405134605,"G6"
1996,14322.4101566,13394.6366924581,"G4"
1996,15227.7364272,11515.425249584,"G8"
1996,26.4747865703,26.4747865702,"G4"
1996,48.7127282824,48.71272828239,"G4"
1996,2404.33332643,1838.59199516043,"G7"
1996,9457.01102176,5783.61429871,"G4"
1996,268.089957032,268.089957032,"G4"
1996,808.604848852,807.879133813,"G4"
1996,48.0523177184,48.0523177186,"G8"
1996,38.9701244127,38.9701244127,"G5"
1996,104.550370903,104.550370903,"G7"
1996,4457.28882474,4398.458296951,"G8"
1996,24.4598188752,24.4598188751,"G6"
1996,67.6478880162,67.647888016,"G8"
1996,4868.70624887,4868.70624887219,"G1"
1996,84.5188468326,84.5188468329,"G7"
1996,16.7887259216,16.7887259215,"G6"
1996,53.5977274219,53.5977274218866,"G8"
1996,598.761374967,598.761374967,"G8"
1996,17.7568734955,17.7568734955,"G5"
1996,70.986555914,70.9865559139,"G5"
1996,42.2303992119,42.2303992119,"G4"
1996,2535.58604599,2535.58604598432,"G4"
1996,17.4980599435,17.4980599435,"G1"
1996,60.7597505807,60.7597505808,"G6"
1996,257.538533097,257.538533097,"G8"
1996,198.821833141,198.8218331404,"G6"
1996,1408.40876697,1408.4087669737,"G1"
1996,140.364151553,140.36415155343,"G4"
1996,6800.16302638,6785.45700882,"G4"
1996,1163.5365539,1138.00936216,"G8"
1996,40.1839702338,40.1839702339,"G6"
1996,83.9584936856,83.9584936855681,"G4"
1996,621.174115762,621.174115761,"G6"
1996,178.447932335,178.4479323346,"G4"
1996,16102.7044785,9771.58864963195,"G4"
1996,81.8096787389,81.809678739,"G5"
1996,174.898036613,174.89803661296,"G4"
1996,309.060112226,309.060112226,"G4"
1996,11606.1020676,11606.1020676062,"G4"
1996,2015.17283832,2015.17283832187,"G7"
1996,865.386426197,865.386426197,"G5"
1996,168.099845803,108.455712462,"G6"
1996,91.7781491778,91.778149178,"G5"
1996,199.577320576,199.577320575,"G3"
1996,44.0976554029,44.097655403,"G6"
1996,4596.56712546,4596.567125455,"G4"
1996,174.078973532,131.7261848774,"G5"
1996,60.7203240583,60.7203240583,"G5"
1996,3421.18280822,3421.18280822,"G8"
1996,37.5419571269,37.5419571268,"G8"
1996,70.5373717198,70.5373717198,"G6"
1996,288.700405249,288.700405249,"G6"
1996,169.827610381,169.827610381,"G8"
1996,580.706621313,580.706621313,"G8"
1996,25.4043960363,25.4043960363,"G6"
1996,23.7742422139,23.7742422137,"G6"
1996,6232.98436093,6232.98436092099,"G3"
1996,22.1340851418,22.134085141764,"G3"
1996,76.0207797517,76.020779751456,"G5"
1996,26.206686494,26.206686494144,"G3"
1996,17.9739902839,17.97399028395,"G3"
1996,21.8923800665,21.8923800664,"G6"
1996,873.345139907,873.345139907,"G7"
1996,553.837444527,553.83744452667,"G5"
1996,24833.774418,24699.1832780023,"G4"
1996,30.7197293826,30.7197293825,"G8"
1996,334.244419124,278.800607968,"G8"
1996,130.329123305,130.32912330467,"G5"
1996,1548.4927991,1548.492799107,"G4"
1996,161.957557185,161.9575571857,"G3"
1996,635.987607606,635.987607606,"G5"
1996,36.9846429209,36.9846429211,"G5"
1996,17.9986147366,17.9986147365,"G6"
1996,33.7086107596,33.7086107596,"G6"
1996,385.506798157,385.506798157,"G6"
1996,50.0063136232,50.0063136231114,"G6"
1996,954.179736321,954.179736321,"G6"
1996,87.627774063,87.6277740628,"G6"
1996,54.354127039,54.354127039156,"G5"
1996,74.0848531476,74.0848531477,"G8"
1996,1081.59876963,1081.59876963,"G5"
1996,605.030348005,605.030348005,"G7"
1996,40.3205384024,40.3205384023,"G8"
1996,1357.53886251,1241.52186147,"G10"
1996,146.990977406,146.990977406,"G4"
1996,2012.67558624,1270.44132707,"G4"
1996,527.204331088,527.204331089,"G9"
1996,85.6214918697,85.6214918698,"G3"
1996,228.588774485,221.712867959,"G7"
1996,341.719818482,341.719818482,"G10"
1996,9889.51392315,9883.03597086,"G5"
1996,3983.88970687,3748.12737193,"G5"
1996,35.2689283598,35.2689283598,"G4"
1996,1877.50083295,1877.5008329574,"G4"
1996,467.25277452,467.252774519,"G5"
1996,24.6261863268,24.6261863267,"G6"
1996,350.602634962,350.602634962,"G6"
1996,48.0825368923,48.0825368923,"G5"
1996,39.9353968316,39.9353968315,"G5"
1996,2119.98330908,912.1307390292,"G5"
1996,27.8295185157,27.8295185157,"G5"
1996,35.1480183269,35.1480183268378,"G5"
1996,7971.4251092,7971.4251092,"G3"
1996,2883.17451818,2883.17451818144,"G5"
1996,29.8795770864,29.8795770863,"G9"
1996,102.561482154,102.561482154463,"G5"
1996,315.630119799,315.6301197989,"G4"
1996,38.0925901716,38.0925901717,"G3"
1996,1758.03413034,1175.3369640045,"G1"
1996,852.585372543,852.5853725434,"G4"
1996,58198.0601213,34337.542465478,"G1"
1996,125.740347121,125.7403471206,"G7"
1996,67.0199630547,67.0199630545,"G3"
1996,82.3557505904,82.3557505906,"G4"
1996,12499.9046412,12499.9046412172,"G3"
1996,38.2194873413,38.2194873413,"G8"
1996,130.504655449,130.504655449,"G3"
1996,3610.67625716,3297.52111793141,"G4"
1996,18533.4169514,18099.6488992303,"G1"
1996,967.792373379,967.792373379,"G5"
1996,1244.97199758,1244.971997584,"G4"
1996,1381.39034624,1381.3903462435,"G5"
1996,327.541893556,327.541893556068,"G4"
1996,46.1742449417,46.1742449417,"G8"
1996,586.151908302,586.15190830175,"G4"
1996,4025.27099317,4025.27099317229,"G4"
1996,12232.5661892,12206.1123431266,"G4"
1996,293.366343217,293.36634321656,"G1"
1996,2356.76330682,2356.7633068146,"G4"
1996,787.887012181,787.886978574398,"G7"
1996,267.31385515,267.31385515,"G6"
1996,6046.65450106,5241.7763984011,"G3"
1996,1280.62332846,1280.62332846,"G6"
1996,1511.27572767,1511.27572577622,"G5"
1996,7450.34084634,7450.34084634,"G5"
1996,304.867670604,304.867668686222,"G5"
1996,15467.8255805,11118.8729124605,"G4"
1996,2036.29910505,2036.29910505,"G5"
1996,9353.56566411,7368.5263784626,"G4"
1996,2402.45062826,2402.45062826,"G6"
1996,7420.70260563,5788.35695927,"G4"
1996,1869.65438857,1869.384095411,"G3"
1996,320.947624077,320.947624076,"G5"
1996,143.949884429,143.949884429,"G5"
1996,315.319895471,315.31989547099,"G5"
1996,764.827870695,764.82787069499,"G6"
1996,39.053353198,39.0533531979,"G5"
1996,240.273866785,240.273866785,"G5"
1996,1963.39194238,1963.391942373,"G8"
1996,876.762068658,876.7620686559,"G5"
1996,976.30027577,976.30027577,"G4"
1996,112.844807149,112.844807149,"G8"
1996,644.638275097,644.638275097,"G8"
1996,9549.03816892,6287.69642487996,"G6"
1996,1318.54800842,1318.548008424,"G6"
1996,613.229518777,613.229518776,"G5"
1996,17964.4168467,14508.4591272,"G5"
1996,2790.60759201,2632.01030945,"G5"
1996,12889.95705,10986.7993403986,"G3"
1996,5881.8960195,5881.89601950109,"G3"
1997,104.529291257,104.5292912571,"G1"
1997,487.079368622,487.0793686215,"G1"
1997,944.92082426,944.9208242598,"G4"
1997,3918.22673027,3918.22673027,"G5"
1997,1487.90581643,1487.90581642,"G5"
1997,81.5158995223,81.51589952241,"G3"
1997,275.469059417,275.469059417,"G3"
1997,1008.21741363,1008.21741363,"G3"
1997,4097.23557236,2840.06545760928,"G3"
1997,240.466681084,240.466681083,"G4"
1997,36.3227002823,36.3227002823,"G4"
1997,48.3623045609,48.3623045611,"G6"
1997,681.997597936,681.99759793507,"G4"
1997,40.3785289319,40.3785289318,"G6"
1997,83.6327118402,81.7323241368,"G5"
1997,5412.22039795,3763.33670666519,"G3"
1997,12011.4492094,12011.4492086857,"G4"
1997,694.767477275,694.767477275,"G5"
1997,165.260714611,165.260714611,"G5"
1997,12316.8508795,8484.33380568192,"G3"
1997,1830.51428724,1829.78021048,"G5"
1997,8.79077965903,8.790779659042,"G4"
1997,16.9213618375,16.9213618376,"G8"
1997,12469.8573183,7440.64787446,"G10"
1997,2095.28347576,2014.23023571501,"G3"
1997,454.008727041,454.008727041,"G4"
1997,42.1830239678,42.1830239679,"G8"
1997,166.888779656,166.8887796561,"G8"
1997,142.4011326,142.4011326,"G8"
1997,1057.4093226,1057.4093226,"G5"
1997,1260.99973584,1260.999735845,"G3"
1997,19.5132786111,19.513278611121,"G4"
1997,2291.35987079,2291.3598707901,"G3"
1997,1802.82490964,1802.82490964,"G5"
1997,12.3925550292,12.3925550291,"G7"
1997,1702.30097585,1702.3009758472,"G4"
1997,38458.4252955,34296.3836637641,"G3"
1997,6716.38878818,6716.38878816999,"G3"
1997,12462.350048,6260.874464898,"G3"
1997,5.15560783094,5.15560783094,"G8"
1997,13.7550229732,13.7550229733,"G8"
1997,19.6862269145,19.6862269145345,"G8"
1997,57.7185445814,57.7185445814,"G6"
1997,22.4584984637,22.4584984638,"G6"
1997,1923.02652515,1923.0265251543,"G4"
1997,25026.1087401,13935.3887171225,"G3"
1997,7.22150086131,7.22150086131,"G3"
1997,6343.82182993,6343.82182993113,"G4"
1997,195.344005283,195.344005283,"G5"
1997,9601.86846313,9601.8684631318,"G1"
1997,37.6008032448,37.6008032446,"G8"
1997,13.21217458,13.2121745801,"G4"
1997,29.4754883655,29.4754883656,"G4"
1997,218.899100439,218.899100439,"G8"
1997,68.4025468149,68.4025468151,"G8"
1997,14761.9781109,9702.65533733017,"G1"
1997,41.4342826524,41.4342826523,"G1"
1997,2620.32210897,2620.3221089719,"G4"
1997,1920.10599229,1920.10599229,"G8"
1997,451.391573792,451.3915737921,"G4"
1997,42454.4991315,37739.1884836551,"G4"
1997,6082.44125828,6082.44125828153,"G8"
1997,7342.25111087,7342.251110878,"G8"
1997,2553.83186983,2032.18483795,"G6"
1997,3890.2811908,3890.28119081,"G8"
1997,2118.68872779,2118.68872779,"G8"
1997,933.297057397,933.2970573983,"G6"
1997,4750.40295279,4750.40295279166,"G5"
1997,1874.10819886,1874.10819886961,"G5"
1997,15867.2896887,15867.2896887532,"G4"
1997,17419.2264632,16298.9168796652,"G4"
1997,20463.935894,20463.935894028,"G8"
1997,7858.07816551,7858.0781655113,"G4"
1998,2406.99256732,1258.47330077,"G4"
1998,73.2258070123,73.225807098678,"G3"
1998,595.765314509,595.765314509816,"G3"
1998,260.756966584,260.756966584,"G7"
1998,110.508487547,93.0608764693,"G7"
1998,27.3158154446,27.3158154447,"G8"
1998,3582.61718288,3582.61718288,"G3"
1998,7997.83912342,7997.83912342232,"G1"
1998,780.89984328,780.89984328,"G4"
1998,4998.19481018,2614.98503737,"G4"
1998,5908.98943581,5908.98943580918,"G3"
1998,14654.218369,14654.218369052,"G2"
1998,16108.3086078,15017.6264693418,"G4"
1998,36.8345844453,36.8345844453,"G1"
1998,1408.40923144,1408.4092314404,"G1"
1998,602.833287779,602.833287779,"G10"
1998,37899.587222,37899.5872219722,"G4"
1998,4909.12700261,4909.1270026021,"G1"
1998,1859.01441835,1859.014418346,"G7"
1998,3651.64285982,3638.18323815892,"G6"
1998,818.096304205,818.096304205,"G8"
1998,5259.91523354,5259.915233545,"G6"
1998,15527.2380458,15527.238045848,"G7"
1998,4103.21668757,3679.20481574,"G8"
1998,2771.2520754,2771.25207539749,"G5"
1998,10289.1098733,9272.15054223924,"G5"
1998,55.2868774319,55.2868727925855,"G5"
1998,168.949304896,168.949304896,"G10"
1998,233.034008444,233.0340084439,"G6"
1998,1227.98411052,1227.98411052515,"G6"
1998,199.902468523,199.90246852262,"G6"
1999,53.1143959249,53.1143959249,"G5"
1999,263.517480865,263.5174808647,"G7"
1999,40.5637431997,40.5637431998,"G6"
1999,37.340428076,37.3404280761,"G3"
1999,18.6443128926,18.6443128926,"G6"
1999,101.674711929,101.674711929,"G5"
1999,20.7671378632,20.7671378632,"G10"
1999,26.8076087679,26.8076087678,"G4"
1999,264.776652638,264.776652638,"G3"
1999,16.8280195793,16.8280195792,"G7"
1999,10.0001290554,10.0001290554,"G4"
1999,202.467275543,202.4672755425,"G5"
1999,21.1809388879,21.1809388877,"G8"
1999,4828.62725984,4828.6272598346,"G6"
1999,2392.04981278,2392.0498127703,"G6"
1999,15088.5894116,8181.13234159554,"G9"
1999,575.798717678,560.975080151,"G6"
1999,78163.1545546,77757.1074189,"G6"
1999,397.941493998,397.94149399774,"G5"
1999,7728.03196133,7226.41024872,"G8"
1999,843.436135018,843.436135017,"G6"
1999,17936.6732085,17936.6732084281,"G6"
2000,90.2080017068,90.2080017067,"G5"
2000,16.9260001061,16.9260001061,"G10"
2000,100.874965073,100.8749650737,"G4"
2000,52.3487643288,52.3487643285,"G5"
2000,1186.54581594,1186.545815936,"G5"
2000,30.1893424407,30.1893424407,"G4"
2000,24.8516276889,24.8516276889,"G6"
2000,56.2865532636,56.2865532634,"G8"
2000,243.588943523,243.588943522931,"G6"
2000,6921.16806592,4725.10889515561,"G5"
2001,18850.0223814,18339.4576718923,"G4"
2001,30.108945014,30.108945014,"G4"
2001,6127.25037761,6078.92088251,"G8"
2001,81.4734566153,43.54577246291,"G5"
2001,916.298447308,916.2984473073,"G4"
2001,16.7056586186,16.7056586184,"G8"
2001,253.746515847,253.746515847,"G8"
2001,52.9214642173,52.9214642173,"G5"
2001,4121.65648889,4121.65648888835,"G3"
2001,63.611706081,63.6117060809,"G8"
2001,335.254660005,335.2546600051,"G4"
2002,71.3610167978,71.36101679765,"G5"
2002,26.0311159716,26.0311159716,"G8"
2002,669.574240457,669.57424045638,"G5"
2002,54323.5699223,30802.6927855514,"G3"
2002,544.382948608,544.382948608,"G5"
2002,207.099571241,207.099571241,"G5"
2002,2584.56661528,2019.58083821,"G3"
2002,14853.1106594,14564.9774957251,"G3"
2002,185.103488774,185.10348877504,"G4"
2002,1493.93457319,1493.93457319,"G8"
2002,76282.0122556,76282.0122555604,"G5"
2002,171.5283237,171.47697069324,"G3"
2002,170.67088257,170.67088257,"G7"
2002,739.286495602,727.321807221,"G7"
2002,3210.94015537,3210.940155367,"G4"
2002,12173.8224134,8050.48192338,"G3"
2002,313.729322239,313.72932223961,"G4"
2002,25639.1464498,25639.146449878,"G5"
2002,5663.16564272,5663.1656427274,"G5"
2002,2001.14262836,2001.1426283615,"G8"
2002,292.257938597,292.2579385973,"G1"
2002,703.679346648,703.679346647,"G4"
2002,2107.9278147,2107.92781309569,"G5"
2002,19.9653517624,19.9653517624,"G8"
2002,3414.40477666,3414.404776666,"G5"
2002,1778.43780215,1778.43780215,"G5"
2002,22541.8054371,22541.805435551,"G5"
2002,4650.73136381,4650.73136381,"G5"
2002,3259.2172197,3259.21722100976,"G5"
2002,20599.692744,20599.6927440179,"G5"
2002,1773.47796003,1773.477960033,"G5"
2002,65.8735834545,65.873583454367,"G5"
2002,604.932691932,604.932691932,"G6"
2002,2351.09535194,1234.90727882,"G4"
2002,1936.1623765,1457.15997140421,"G4"
2002,2624.10184838,2624.10184838022,"G5"
2002,286.165837194,286.165837194,"G5"
2002,6536.74803229,6536.74803228038,"G5"
2002,4931.53393296,4481.677229971,"G4"
2002,51732.3808328,48918.4624107212,"G4"
2002,315.967178324,315.967178324034,"G4"
2002,648.737809882,578.36148558498,"G8"
2002,5115.09121621,5115.091216212,"G1"
2002,14135.9775289,14135.9775289928,"G1"
2002,3616.12232592,3616.12232592134,"G1"
2002,1556.6314007,1556.6314007,"G5"
2002,462.937849585,462.9378495852,"G5"
2002,238.203535134,238.203535135,"G1"
2002,114191.480049,81478.7851534206,"G1"
2002,589.452402417,589.452402416,"G5"
2002,15.2147096934,15.2147096933,"G8"
2002,365.518068057,365.518068057,"G5"
2002,432.866071702,432.866071702,"G5"
2002,15.6740399687,15.6740399686,"G5"
2002,98246.8903707,98246.8903707329,"G5"
2002,12218.2608193,12218.2608193,"G5"
2002,10651.1429295,7893.510068242,"G4"
2002,20.0551187451,20.055118745,"G7"
2002,44.0095958739,44.0095958739932,"G4"
2002,129854.713863,92147.6351012708,"G1"
2002,17564.4753827,17564.3259144947,"G4"
2002,32.7595401359,32.759540136,"G8"
2002,1461.18888051,1461.188880515,"G5"
2002,3161.49327183,3161.4932718247,"G4"
2002,539.29023175,539.290231749,"G6"
2002,1806.57895605,1806.57895605,"G7"
2002,583.365772923,583.365772924,"G8"
2002,75.6268972089,75.6268972088,"G9"
2002,747.407939798,747.40793979725,"G4"
2002,22958.7504481,13991.9627716469,"G4"
2002,371.090265235,371.090265235,"G5"
2002,21.4823184488,21.482318449,"G5"
2002,1375.76099029,1375.76099028607,"G5"
2002,67749.7464762,35260.5891581493,"G5"
2002,2335.67600326,2335.67600326207,"G5"
2002,22597.0548971,22597.0548971343,"G5"
2002,337.082819117,337.082819117,"G8"
2002,1033.75314984,1033.75314984,"G8"
2003,14.3087126042,14.3087126042,"G9"
2003,5600.20562305,5600.20562305131,"G4"
2003,7059.9431663,6115.63378028934,"G2"
2003,12064.9356779,12064.9356779069,"G3"
2003,38.0635297103,38.0635297102,"G7"
2003,16.748232989,16.7482329889,"G8"
2003,414.0344028,414.0344028001,"G3"
2003,50.5833185069,50.5833185071,"G3"
2003,106.985609113,106.985609113712,"G1"
2003,101.906895311,101.906895311,"G1"
2003,918.901034346,918.90103434596,"G3"
2003,24.1381181928,24.1381181926,"G1"
2003,101.228696278,101.228696278,"G3"
2003,18.3521906834,18.3521906834,"G5"
2003,45.5331601357,45.5331601358,"G3"
2003,12.9468558024,12.9468558025,"G8"
2003,19.1539301749,19.153930175,"G4"
2003,106.369937098,106.3699370981,"G4"
2003,50.7974171938,50.7974171938332,"G3"
2003,84.1520035358,84.1520035359,"G3"
2003,57.9918770087,57.9918770087,"G9"
2003,17.8325958011,17.8325958011,"G7"
2003,15.1894272197,15.1894272197,"G8"
2003,44.5935309564,44.5935309563,"G8"
2003,295.300906451,295.300906450035,"G10"
2003,1053.21964015,1053.21964014503,"G10"
2003,3522.91239002,3522.912390016,"G5"
2003,2545.55760921,2545.55760920961,"G4"
2003,2709.50772596,2709.5077259654,"G4"
2003,605.116575368,605.1165753678,"G4"
2003,17.5750562511,17.5750562512,"G5"
2003,498.184007254,498.1840072542,"G4"
2003,112.210439458,110.0358386,"G2"
2003,455.375650499,455.375650498933,"G3"
2003,243.285070546,243.2850705464,"G3"
2003,20344.5083029,20344.5083029,"G8"
2004,437.143932597,437.143932597,"G1"
2004,670.300947568,612.9233898536,"G3"
2004,2998.86019346,2998.86019346,"G8"
2005,228.193384177,228.193384177,"G5"
2005,50345.6093999,50345.609399856,"G1"
2005,18128.1160786,18128.1160786216,"G4"
2005,16782.2502738,16782.250273818,"G4"
2005,1181.23357517,1181.23357517,"G4"
2005,10413.326007,10413.326007,"G8"
2005,3914.31336515,2378.1166152588,"G4"
2005,12921.4688756,11298.6771689,"G4"
2005,25.1846437478,25.1846437478,"G5"
2005,43.5917522403,43.591752240187,"G5"
2005,11463.9423091,10148.0573599,"G6"
2005,5883.2374112,5741.2959136933,"G5"
2005,18096.2631206,18096.2631205777,"G5"
2005,21639.773572,21639.7735719531,"G5"
2005,24939.7783658,24939.7783658055,"G6"
2005,20751.5858802,13735.8049007319,"G5"
2005,23.3592180918,23.3592180919,"G4"
2005,2227.89384773,2072.63713126067,"G8"
2005,1091.29353277,694.271615661,"G6"
2005,9279.50284787,9279.50284788,"G7"
2005,135.259183918,135.259183918106,"G5"
2005,746.241861827,746.241861827,"G5"
2005,12491.0060792,12426.229767996,"G6"
2005,3646.43128624,3646.431286246,"G4"
2005,11578.884213,11242.5771227,"G5"
2005,4315.74814568,4315.74814567631,"G5"
2005,16797.1161585,13047.157727842,"G5"
2005,1237.79561613,1237.7956162104,"G5"
2005,787.030341781,787.03034178051,"G5"
2005,2333.18392658,1638.57801904355,"G4"
2005,33.7814564533,33.7814564532,"G6"
2005,380.210001475,380.210001474,"G5"
2005,132.601044275,132.601044275,"G7"
2005,885.850934688,885.850934687,"G8"
2005,126.711255483,126.711255483,"G8"
2005,187.520244022,187.520244022,"G10"
2005,4495.78124427,2655.7236148,"G5"
2005,1064.62317075,1064.62317075,"G9"
2005,20.6964980282,20.6964980282,"G5"
2005,1592.57992414,1592.579924134,"G7"
2005,2472.18354266,2472.18354265,"G4"
2005,1523.36372054,1523.36372054,"G7"
2005,1631.42116865,1631.42116864946,"G3"
2005,1938.36090665,1938.36090664927,"G3"
2005,1016.45625566,1016.4562556592,"G3"
2005,9269.04543801,5137.7777458792,"G1"
2005,38.504204296,38.504204296,"G6"
2005,20.1145883657,20.1145883657,"G8"
2005,39.6985299473,39.6985299472,"G9"
2005,9997.61018652,6168.7852440612,"G3"
2005,4747.48937845,4747.48937844971,"G3"
2005,5116.51418273,5116.51418354085,"G3"
2005,936.872165641,695.834677312787,"G7"
2005,481.978285604,481.978285604,"G8"
2005,1542.6764357,1542.6764357,"G6"
2005,206.10812428,206.10812428,"G9"
2005,3232.62890735,2396.998833539,"G8"
2005,42.3134821453,42.3134821451,"G6"
2005,77007.867628,52915.8672385896,"G6"
2005,210.111647547,210.111647547,"G8"
2005,33.5990569951,33.5990569954,"G8"
2005,23.6595465403,23.6595465404,"G4"
2005,600.674069084,600.67406908339,"G8"
2005,45.0446591523,45.0446591523,"G8"
2005,3419.39652563,3419.39652563,"G4"
2005,359.012442733,359.012442733,"G8"
2005,32.1754908543,32.1754908541564,"G6"
2005,22.1762741383,22.1762741382564,"G6"
2005,4297.0893613,3468.8442373823,"G4"
2005,71.2028613211,71.2028613213,"G3"
2005,53.3869262518,53.3869262521,"G6"
2005,66.5692354222,66.5692354219,"G8"
2005,28.7999072488,28.7999072488,"G9"
2005,4182.4048631,4182.40486309,"G6"
2005,1829.50306175,1829.50306175645,"G8"
2005,31359.136168,31359.136168015,"G6"
2005,71.2087835188,71.2087835189,"G6"
2005,2479.44328894,2479.44328894,"G5"
2005,4878.71832503,4878.71832503,"G5"
2005,100.262341206,100.26234120639,"G6"
2005,283.643073913,283.64307391174,"G1"
2005,1941.04647619,1941.0464761885,"G5"
2005,26.1188164344,26.1188164344243,"G8"
2005,1341.20823808,1341.20823808179,"G6"
2005,41330.311291,41330.3112909359,"G6"
2005,2519.59988733,2519.59988733,"G6"
2005,17482.7288931,17482.728893119,"G4"
2005,27531.9448083,27531.9448082948,"G4"
2005,6536.52957005,6536.5295700486,"G4"
2005,6159.34824326,6159.34824325343,"G3"
2005,38697.0983785,38697.0983784721,"G4"
2005,22957.5711818,20699.4864374895,"G4"
2005,38846.2693032,38641.3371677045,"G4"
2005,8712.8008583,8706.2673836791,"G8"
2005,4660.3327596,4639.140223721,"G9"
2005,738.127492037,738.127492037,"G8"
2005,9308.85023523,9308.850235224,"G6"
2005,12196.5333901,12196.5333901,"G8"
2005,559.558752225,559.558752225,"G8"
2005,1136.44328299,1136.44328298,"G8"
2005,202.515551961,202.515551961,"G5"
2005,355.651218087,355.651218087,"G5"
2005,331.784737041,331.78473704144,"G5"
2006,115.219942,115.21994199997,"G5"
2006,198.577819809,198.57781981,"G3"
2006,171.338275504,171.33827546,"G4"
2006,54.9881891806,54.9881891804,"G4"
2006,1122.02762393,1122.02762393,"G5"
2006,88.1724547377,88.17245474237,"G5"
2006,18.8557646921,18.8557646922,"G8"
2006,414.199051652,414.199051652,"G5"
2006,18.6577997472,18.6577997472,"G8"
2006,17.2318154521,17.231815452,"G8"
2006,69.7024873651,69.7024873651,"G7"
2006,552.512893023,552.512893023,"G8"
2006,2445.66593289,2445.66593289,"G5"
2006,674.088893723,674.088893723,"G6"
2006,884.033540457,884.03354045755,"G3"
2006,491.845648249,491.8456482498,"G4"
2006,1149.66603163,1149.66603163,"G4"
2006,1184.56686855,1184.56686855,"G8"
2006,887.074639591,887.07463959,"G5"
2006,61.222526423,61.2225264232,"G7"
2006,31.0664226432,31.0664226431,"G8"
2006,29.5739740122,29.5739740121,"G5"
2006,399.42326301,398.913532407,"G3"
2006,16.4969571954,16.49695719536,"G10"
2006,15.7951664028,15.7951664028,"G10"
2006,71.3575852012,71.357585201,"G5"
2006,21.918526788,21.918526788,"G3"
2006,43.8589283267,43.8589283265,"G8"
2006,736.502760035,522.082396638,"G9"
2006,64.32117415,64.32117415008,"G5"
2006,242.072479796,242.072479796,"G5"
2006,24463.3217909,24035.7605411106,"G3"
2006,39507.2491432,36135.847240378,"G6"
2006,5871.06580384,5871.06580384677,"G4"
2006,714.878012623,714.87801262323,"G4"
2006,297.023989576,297.023989576,"G4"
2006,60.5870688726,60.5870688726,"G1"
2006,228.404337357,228.404337357,"G1"
2006,6964.84707083,6964.847070822,"G1"
2006,458.885658463,458.885658462,"G1"
2006,204.661759019,204.66175901988,"G4"
2006,298.406566255,298.4065662551,"G1"
2006,2781.09164808,1787.4125976927,"G1"
2006,9340.31214914,5950.7172247899,"G2"
2006,3503.28839874,2176.278355923,"G1"
2006,85.0537418777,85.0537418778,"G1"
2006,15304.7594037,11150.870267205,"G2"
2006,1064.96184396,1064.9618439636,"G3"
2006,24.2329734058,24.23297340584,"G7"
2006,76.2141388273,76.2141388274,"G3"
2006,61.0612513843,61.0612513841,"G8"
2006,162.074414642,162.07441464139,"G2"
2006,684.039720717,683.756222333,"G5"
2006,340.057947377,340.057947377,"G5"
2007,24.7254076279,24.7254076278,"G8"
2007,203.73981166,203.73981166,"G6"
2007,168.786665626,168.786665626,"G6"
2007,60.9237880332,60.9237880334,"G6"
2007,329.852394132,329.852394131,"G8"
2007,15.0984806662,15.0984806663,"G4"
2007,69.3495306589,69.3495306586,"G6"
2007,18.7701974048,18.770197405,"G5"
2007,18299.8111733,18149.3218098643,"G4"
2007,11358.7159421,11358.7159421441,"G4"
2007,236.524210403,236.524210403,"G9"
2007,151.527066871,151.52706687,"G6"
2007,12.9408130675,12.9408130677,"G4"
2007,13667.36139,8739.31985158563,"G4"
2007,25960.6073401,25960.607340131,"G5"
2007,369.734564074,369.734564075,"G8"
2007,678.758322884,678.758322884,"G5"
2007,4929.36808281,4929.36808280518,"G5"
2007,8684.40336342,8684.40336342,"G6"
2007,8725.61570263,8185.664652464,"G7"
2007,4544.6419279,4544.6419278971,"G6"
2007,4881.51335014,4881.513350142,"G3"
2007,3316.50557972,3316.50557971109,"G3"
2007,2296.7855767,1175.30721527,"G5"
2007,622.809985024,622.809985024,"G4"
2007,33.5169326743,33.5169326744,"G5"
2007,5893.90276068,5528.9096864049,"G3"
2007,36.9554506797,36.95545067963,"G4"
2007,103.623540393,103.623540394,"G5"
2007,128.691036529,128.69103652907,"G5"
2007,43.67020019,43.6702001901,"G6"
2007,26.5507638501,26.55076385008,"G7"
2007,720.0580455,720.058045499,"G5"
2007,1208.8209805,1208.8209805,"G5"
2007,884.056443692,857.475786078,"G5"
2007,3669.36383536,3669.363835361,"G5"
2007,2116.83057235,2092.8996098161,"G6"
2007,3172.5070476,3172.5070476023,"G5"
2007,1270.09088241,1270.090882412,"G5"
2007,777.631104666,777.631104665,"G5"
2007,1084.39663313,1084.39663313,"G4"
2007,1693.03793033,1693.03793033099,"G6"
2007,1714.59453322,1714.594533229,"G5"
2007,19156.0759894,14024.92293718,"G6"
2007,601.127576414,601.127576413,"G4"
2007,762.764049827,527.86930973,"G9"
2007,3373.36040884,3373.36040884,"G8"
2007,10381.0412354,10381.0412354,"G5"
2007,894.211766444,894.211766443,"G4"
2007,34.4786259824,31.986227963,"G4"
2007,73.5744632032,73.5744632029,"G6"
2007,1011.46293871,1011.46293871,"G6"
2007,172.527991464,172.527991464,"G8"
2007,657.556873771,657.556873771411,"G4"
2007,6660.87660292,6660.87660291519,"G4"
2007,5835.41161246,5835.41161246907,"G4"
2007,535.474603019,535.4746030186,"G4"
2007,1939.01327017,1939.01327017,"G5"
2007,944.49780009,944.49780009,"G1"
2007,108.203027028,108.203027028,"G9"
2007,432.55372947,432.550423081,"G8"
2007,183.07161453,183.066478654579,"G8"
2007,2337.23814612,2337.2247819761,"G8"
2007,5434.50445542,3646.605322802,"G8"
2007,1055.09084074,1055.0904187,"G8"
2007,6868.01507769,6868.00004736182,"G4"
2007,5371.21759599,5189.81543554,"G6"
2007,37.4757759184,37.4744927435246,"G4"
2007,13543.8324649,13543.8324653756,"G5"
2007,757.471738464,757.471738529646,"G5"
2007,438.677831535,438.67783155922,"G5"
2007,24.077370685,24.077370685,"G8"
2007,44.6461751579,44.6461751579,"G8"
2007,25.1700223586,25.1700223585,"G4"
2007,15495.1937758,15495.1937757042,"G6"
2007,207.237866915,207.237866837407,"G6"
2007,81.504164257,81.504164257293,"G6"
2007,69.2653047442,69.265304744207,"G6"
2007,17782.6185991,17782.6185949938,"G6"
2007,94.2940901383,94.2940864738598,"G6"
2008,99.194387709,99.1943877088,"G4"
2009,31.7564430256,31.7564430256,"G8"
2009,74.753642556,74.7536425557,"G8"
2009,20.8221250818,20.8221250819,"G8"
2009,37.7279912002,37.72799120025,"G8"
2009,60.2324531467,60.2324531467,"G8"
2009,86.9831672662,86.9831672662,"G5"
2009,18.8158319178,18.8158319177,"G8"
2009,17.2823156092,17.2823156093,"G6"
2009,3322.08863894,1689.24810116852,"G3"
2009,127.254639434,127.25463943383,"G5"
2009,232.721868205,232.7218682045,"G4"
2009,96.1593114507,96.1593114506,"G5"
2009,2838.07460219,2838.07460218968,"G4"
2009,520.052378723,520.0523787227,"G4"
2009,5304.93403983,5304.93403983104,"G3"
2009,3034.77837996,3031.54347479214,"G4"
2009,7834.71194361,7834.7119435707,"G3"
2009,5935.52958419,5935.52958419,"G3"
2009,40.4758655704,40.4758655703,"G5"
2009,5454.87532884,5364.16518652384,"G3"
2009,5568.53015357,3409.77198507,"G7"
2009,738.397255679,738.3972556796,"G4"
2009,3193.20513278,3193.2051327823,"G4"
2009,14.5750258505,14.57502585053,"G3"
2009,26801.8941117,20472.9626581129,"G8"
2009,1426.38947543,1426.389475429,"G8"
2009,371.086211581,253.724244973,"G4"
2009,20.16359961,20.1635996101,"G5"
2009,571.211342783,571.211342783,"G8"
2009,1145.93694133,1145.93694133,"G1"
2009,2912.81492013,2650.62109596,"G1"
2009,111.724485266,111.7244852658,"G4"
2009,16.2386828706,16.2386828706,"G8"
2009,131.510598527,131.510598528,"G8"
2009,198.803157863,198.8031578632,"G1"
2009,291.239551651,291.239551651177,"G4"
2009,1479.70892935,1479.694613698,"G1"
2009,90.0175569226,87.07925897304,"G1"
2009,1746.81502966,1746.81502966,"G5"
2009,124.940357253,124.940357253,"G4"
2009,74.1432067953,74.143206795413,"G4"
2009,7036.28635321,7036.2863574861,"G4"
2009,513.720658536,513.720658537,"G5"
2009,431.34692872,431.34692872,"G5"
2009,58.4196704057,58.4196704058,"G5"
2009,1306.94035817,1306.94035817,"G4"
2009,34.1813875517,34.18138755155,"G4"
2009,91.1794633762,91.1794633763,"G5"
2010,126.996772563,126.996772563,"G9"
2010,15.4665088271,15.4665088271,"G6"
2010,58.9337044997,58.9337044997,"G7"
2010,51.0401694369,42.8531359542,"G10"
2010,100.112195183,100.112195183,"G6"
2010,185.077831902,185.077831901,"G5"
2010,31.2164114596,31.2164114596,"G4"
2010,43.3456012418,43.3456012418,"G8"
2010,977.773224301,977.7732243,"G5"
2010,120.876818306,120.876818306,"G6"
2010,43.9894640435,43.9894640434,"G6"
2010,115.957517391,115.957517391,"G4"
2010,39.2859276383,39.2859276383,"G4"
2010,17.2656772302,17.2656772301,"G8"
2010,10501.1596994,7222.758215504,"G1"
2010,1225.02973185,1225.029731852,"G1"
2010,267.205166248,267.20516624842,"G4"
2010,323.479627765,323.4796277658,"G2"
2010,27488.3522187,25807.7370758353,"G4"
2010,14494.9025414,14494.9025416212,"G5"
2010,19783.9593513,19783.9593512547,"G3"
2010,123.943787593,123.943787599669,"G3"
2010,459.260901235,459.260901235552,"G4"
2010,255.166805412,159.5776366426,"G3"
2010,35.9818608063,35.9818608063,"G4"
2010,19384.2378765,18298.4601266,"G9"
2010,4542.9415395,4542.94151740569,"G3"
2010,4027.71412984,4027.7141071838,"G3"
2010,7871.55842942,7871.5584163012,"G3"
2010,12117.9108676,12117.9108572848,"G3"
2010,26298.5224853,26298.5224857548,"G5"
2011,731.591463497,731.591463497,"G3"
2011,48.5999968362,48.5999968362,"G4"
2011,31.5183625602,31.5183625601,"G6"
2011,23.3039239772,23.3039239772,"G4"
2011,478.078618362,194.254936571,"G10"
2011,699.641774838,682.1543848659,"G4"
2011,26.1274681122,26.1274681122,"G8"
2011,59.832011745,59.832011745,"G4"
2011,1660.90901453,1660.90901453,"G8"
2011,449.48565218,449.478701425,"G5"
2011,166.911638456,166.911638456,"G7"
2011,90.9399248878,90.9399248878,"G4"
2012,304.530519096,304.530519095,"G4"
2012,138.174003242,138.174003242,"G6"
2012,5762.91387548,5762.9138753381,"G4"
2012,2520.52069068,1752.7095582945,"G4"
2012,152.009436615,152.009436615,"G9"
2012,395.133379946,395.133379947,"G5"
2012,248.893428993,248.893428993,"G7"
2012,28.6339838959,28.6339838959,"G5"
2012,25.9458315558,25.9458315559,"G4"
2012,5852.68006309,5852.6800631013,"G3"
2012,1001.29878546,1001.29878545171,"G1"
2012,204.80234764,204.80234764,"G5"
2012,1137.07760494,1137.077604936,"G1"
2012,276.549412041,276.549412041,"G8"
2012,164.901275023,164.9012750232,"G7"
2012,361.342654687,361.342654687,"G8"
2012,19.8050506386,15.4206477195,"G4"
2013,23.7035650637,23.7035650638,"G5"
2013,9.57088312464,9.57088312464,"G5"
2013,5.85176509021,5.85176509019,"G7"
2013,29740.4702538,14938.4990076285,"G8"
2013,45.123510985,45.123510985,"G8"
2013,6.47823701889,6.47823701888,"G9"
2013,23.8625706895,23.8625706893,"G8"
2013,71.6960842979,71.6960842979,"G9"
2013,1.34724131139,1.34724131136,"G7"
2013,113757.016341,64103.6114756355,"G3"
2013,4.53174407268,4.53174407264,"G4"
2013,122868.995009,105106.982122462,"G3"
2013,2.42228375994,2.42228375996,"G8"
2013,3.92127146694,3.92127146697,"G8"
2013,185.855476533,185.855476533,"G3"
2013,22.4333972436,22.4333972436,"G5"
2013,54.5951896273,54.595189627176,"G5"
2013,37.1640307071,37.1640307071,"G5"
2013,8.94278446469,8.94278446471,"G3"
2013,5049.49223473,5049.49223472254,"G3"
2013,12.1875895826,12.1875895826,"G5"
2013,26.0766152915,26.0766152915,"G8"
2013,1.49120275616,1.49120275616,"G5"
2013,4.85058567856,4.8505856785,"G7"
2013,29.254624142,29.254624142,"G8"
2013,1.17183298473,1.17183298475,"G8"
2013,5.46306019562,5.46306019567,"G7"
2013,38233.5045862,29612.2812407757,"G3"
2013,39464.6599741,39464.6599740305,"G3"
2013,53116.4884273,27907.474056119,"G5"
2013,1845.67609051,1845.67609051,"G5"
2013,35660.7437517,18404.8158395,"G4"
2013,143169.387537,143169.38753626,"G5"
2013,1390.97469919,1390.9746991899,"G5"
2013,175.177808697,175.177808697,"G4"
2013,67.9202890752,67.9202890751,"G4"
2013,4.95512835073,4.9551283507,"G8"
2013,8596.24902077,8596.2490207677,"G4"
2013,123.146432954,123.146432954,"G4"
2013,1004.26851407,1004.26851407306,"G1"
2013,4.147226317,4.14722631701,"G8"
2013,0.663665865556,0.663665865556,"G7"
2013,40.5623141536,40.5623141536,"G1"
2013,1870.85295222,1870.852952217,"G1"
2013,203.121447951,203.12145518512,"G1"
2013,38.2423150988,38.2423150988,"G8"
2013,5.1392204113,5.13922041129,"G8"
2013,283.246242896,283.246242896,"G7"
2013,1.06396995771,1.06396995769,"G8"
2013,12.6358504557,12.6358504557,"G8"
2013,2.99977903099,2.99977903097,"G8"
2013,3.03612093162,3.03612093164,"G10"
2013,171.559035813,171.559035813,"G3"
2013,12.1530699435,12.1530699434,"G8"
2013,175.086671596,175.0866715958,"G1"
2013,274.167281506,274.167281506,"G1"
2013,198.653671982,198.653671982,"G1"
2013,22.2982721058,22.2982721057,"G1"
2013,10152.1467538,10152.1467538397,"G5"
2013,4.28594087049,4.28594087049,"G9"
2013,50044.6218651,40665.8290085738,"G6"
2013,4178.80454932,4178.80454932,"G4"
2013,44513.1120247,44513.1120247036,"G6"
2013,311.826367332,311.826367332,"G5"
2013,149.707258763,149.7072587624,"G4"
2013,1178.1585174,1178.15851739436,"G5"
2013,10224.3132295,10224.313229454,"G6"
2013,21065.4046456,21035.250030244,"G6"
2013,6535.01202207,5413.17916749,"G8"
2013,4866.4194546,1998.5889017,"G8"
2013,659.485480272,659.485480272,"G6"
2013,10782.5927865,9354.71162700199,"G5"
2013,5998.13842579,5998.13842579,"G5"
2013,19002.2522769,12370.3377361496,"G4"
2013,1094.99614799,1093.8045665946,"G4"
2013,2698.41230535,1809.80383991786,"G4"
2013,3783.1627064,3738.2817312,"G8"
2013,11449.659171,9542.04874639344,"G10"
2013,43389.7404484,23791.3509121,"G10"
2013,8956.29057571,6351.384963895,"G5"
2013,86.4900148791,86.4900148793,"G3"
2013,85.1252460128,85.125246013,"G3"
2013,5763.09440118,5763.09342133,"G5"
2013,459249.606249,350436.554599036,"G5"
2013,6016.66574583,6016.44395896877,"G6"
2013,494340.587539,259384.241628552,"G4"
2014,1.41715993701,1.41715993702,"G8"
2014,386.99285849,386.99285849,"G8"
2014,2264.68875622,2264.6887562206,"G4"
2014,5.67096980843,5.67096980842,"G5"
2014,124.32684848,124.32684848069,"G5"
2014,11.086383532,11.086383532,"G9"
2014,0.373121444503,0.373121444498,"G4"
2014,13.689452553,13.689452553,"G8"
2014,12.910483286,12.910483286,"G8"
2014,7.70402044601,7.70402044599,"G4"
2014,115.555392641,115.5553926405,"G4"
2014,39.3989499229,39.39894992296,"G3"
2014,3.04576507497,3.04576507498,"G7"
2014,15.8495599968,15.8495599967,"G3"
2014,672.920571861,672.920571860809,"G1"
2014,52.780033504,52.7800335039,"G4"
2014,4.95925921052,4.9592592105,"G10"
2014,10.0825550305,10.0825550305,"G5"
2014,1.47517567548,1.47517567546,"G5"
2014,15.9622650115,15.9622650115,"G8"
2014,1.47987592451,1.47987592452,"G8"
2014,0.525305026094,0.525305026097,"G10"
2014,4.37643508253,4.37643508255,"G5"
2014,5.56586849349,5.56586849345,"G6"
2014,514.038648541,514.038648541,"G6"
2014,1.19167593599,1.19167593599,"G10"
2014,2.95494839451,2.95494839453,"G10"
2014,14760.6648978,10450.311765999,"G4"
2014,30.3164813009,30.3164813009,"G6"
2014,1645.41350463,1645.41350463,"G5"
2014,128.49021523,128.490215229,"G8"
2014,150.3319264,150.3319263998,"G5"
2014,6535.25147278,6013.25060180004,"G5"
2014,9657.78137514,600.819781261,"G5"
2015,139.301914863,139.3019148632,"G5"
2015,20.6616882916,20.6616882917,"G4"
2015,1.00734576125,1.00734576126,"G3"
2015,110.222486159,110.222486159,"G8"
2015,6.22319713934,6.22319713936,"G8"
2015,4.74663163884,4.74663163884,"G8"
2015,4.68721502718,4.68721502714,"G8"
2015,1.54175527872,1.54175527872,"G4"
2015,197.153921284,197.153921284,"G8"
2015,825.589308226,825.58930822624,"G6"
2015,1.34890662801,1.34890662802,"G4"
2015,2.11021182913,2.11021182912,"G8"
2015,0.989631414787,0.989631414797,"G8"
2015,1028.39107526,1023.18703693443,"G4"
2015,73.7865206626,73.7865206626,"G4"
2015,1014.93221275,1014.93221275,"G8"
2015,231.676158276,231.676158276,"G6"
1972,59286.6540152,1.455677565484,"G5"
1972,1847.0705723,1847.0705723,"G5"
1972,8344.45156013,8344.45156013,"G5"
1972,9884.99614701,9884.99614701,"G3"
1972,1671.31327727,1156.78626239,"G5"
1972,2077.98371855,2077.98371855793,"G5"
1972,175.406745459,175.406745458,"G5"
1972,3863.86538103,3586.3643514923,"G6"
1972,21317.1683938,11440.5278801247,"G2"
1972,6676.74354517,4130.65735791606,"G2"
1972,11191.2647354,10861.0220042861,"G2"
1972,1307.52142122,1307.5214212211,"G4"
1972,11092.196036,11092.19603598,"G5"
1972,2159.5689217,2159.568921699,"G5"
1972,770.469409649,770.469409649,"G5"
1972,2247.28367016,2220.2172286883,"G3"
1972,6204.32354317,6204.32354316576,"G3"
1972,2649.5095311,2649.5095311,"G3"
1972,2189.99717325,1833.27147903,"G6"
1972,466.116556209,466.11655621,"G8"
1972,973.841075991,857.228537838,"G6"
1972,2092.71846359,2092.718463592,"G6"
1972,3025.56090226,3025.560902257,"G10"
1972,2468.88803664,2468.88803664,"G5"
1972,1605.52297402,1605.52297402,"G5"
1972,8008.61584085,7892.31616089585,"G3"
1972,10716.4534041,10716.4534041,"G5"
1972,483.26247183,483.26247183,"G8"
1972,47550.3963405,10713.5295515,"G5"
1972,25802.5165739,25802.5165739,"G8"
1972,4647.91304298,4647.91304298034,"G5"
1972,15920.4775283,13389.80440772,"G6"
1972,655.831706544,655.831706544,"G6"
1972,1774.22151405,1767.7131149514,"G3"
1972,1615.33052683,1615.3305268301,"G5"
1972,288.770802171,288.77080217082,"G5"
1972,1092.50522312,775.8922987525,"G4"
1972,4558.02358541,4558.0235854172,"G4"
1977,398.108507034,398.108507035,"G5"
1977,20333.748634,730.957801852,"G5"
1977,1475.03335223,1475.03335223,"G3"
1977,4019.97174028,4019.971740273,"G3"
1977,3092.34919753,3092.349197534,"G3"
1977,2305.42427488,1805.472266584,"G3"
1977,4917.09281795,4917.09281795,"G6"
1977,3042.33167977,3042.33167977,"G6"
1977,4532.49939208,4532.49939208,"G6"
1977,1251.21582357,1251.21582357,"G5"
1977,23271.2541416,10410.1549371,"G5"
1977,10157.0548449,10157.0548448882,"G6"
1977,10236.7420845,5713.2470002326,"G1"
1977,38.7689269104,38.7689269101,"G3"
1977,100.968582773,100.968582773,"G3"
1977,2514.25361686,1810.2279124765,"G5"
1977,239.137577711,239.137577712,"G5"
1977,559.476410623,559.476410622906,"G3"
1977,3685.64761653,3685.6476166088,"G3"
1977,633.375293588,612.8166720666,"G4"
1977,1176.10996361,256.706636989,"G6"
1977,2952.75641282,2952.7564128204,"G3"
1977,168.850149063,168.8501490632,"G3"
1977,4087.98381119,4087.983811193,"G4"
1977,368.859186508,337.228091092,"G4"
1977,2487.86215769,2487.86215769,"G6"
1977,6595.11055612,5587.68799881,"G8"
1977,47.38643502,47.38643502,"G5"
1977,3646.67468751,3646.6746875135,"G3"
1977,250.385084459,250.385084459,"G5"
1977,12472.6909061,12353.4849023966,"G5"
1977,978.767811449,978.767811449,"G5"
1977,214.498331242,214.498331242,"G6"
1977,8470.81726462,3924.87252246,"G3"
1977,232.616623094,232.616623094,"G5"
1977,434.977078325,434.97707832611,"G5"
1977,8394.57315554,8394.5731555354,"G5"
1977,1223.11987149,1062.34912961,"G6"
1977,3227.02813501,3076.0573416637,"G6"
1977,2742.38291465,2742.382914653,"G6"
1977,9441.98157069,5864.73292417924,"G6"
1977,263.246612181,263.246612182,"G6"
1977,4282.39565822,2311.47804714,"G6"
1977,24945.4070743,15250.5944447,"G5"
1977,1018.35101711,1018.35101711,"G9"
1977,1693.69542894,1472.90362995,"G4"
1977,403.283142247,403.283142248,"G6"
1977,732.061665625,732.061665626,"G5"
1977,13255.2352262,13255.235226149,"G5"
1977,1354.7895524,1354.789552398,"G4"
1982,3243.75587295,3243.755872944,"G1"
1982,959.881675531,756.9437283728,"G1"
1982,803.897401719,803.897401718221,"G1"
1982,664.181828724,664.181828724,"G5"
1982,2830.66833029,2830.66833029,"G5"
1982,2206.71527687,2206.71527687452,"G5"
1982,1619.5321661,1619.5321661,"G5"
1982,450.144110806,450.144110806,"G6"
1982,3941.03937598,3941.03937597,"G1"
1982,3028.11743131,3028.1174313068,"G3"
1982,625.148500524,625.148500524535,"G3"
1982,221.874783081,221.87478308,"G5"
1982,2450.40110192,2450.40110192,"G8"
1982,454.547770626,454.547770627,"G4"
1982,3154.50502688,3154.50502688,"G5"
1982,2688.33195903,2688.33196036,"G5"
1982,1197.85507833,1197.8550783249,"G4"
1982,716.648982177,716.648982177,"G4"
1982,4021.55355819,4021.55355819315,"G3"
1982,2461.82411412,2461.824114113,"G2"
1982,7254.97787531,7254.9778753106,"G3"
1982,28584.9123991,28584.91239908,"G3"
1982,3839.14020312,3839.140203123,"G3"
1982,172.664787322,172.6647873217,"G3"
1982,4487.77032342,4487.77032341634,"G6"
1982,187.124401131,187.12440113,"G3"
1982,378.734986572,378.734986573,"G6"
1982,96.4217360748,96.421736075,"G4"
1982,38.8272924716,38.8272924716,"G4"
1982,701.874924481,701.87492448211,"G5"
1982,439.956153114,439.956153113,"G6"
1982,122.127947528,122.127947528,"G6"
1982,2345.89515821,2345.89515821,"G6"
1982,193.797535053,193.797535053,"G10"
1982,10209.7605219,9191.8813138581,"G3"
1982,591.073130892,591.073130894,"G3"
1982,170.42992874,170.429928739,"G7"
1982,2372.20587687,2372.20587687,"G8"
1982,1410.42178035,1410.421780354,"G5"
1982,352.687698913,342.247420624,"G5"
1982,3023.47091109,886.1231651319,"G5"
1982,596.049511684,596.049511685,"G5"
1982,1795.42262271,1795.422622702,"G3"
1982,541.725044874,541.7250481152,"G3"
1982,1745.60781881,1745.60781881,"G3"
1982,2646.31633437,2646.316334375,"G1"
1982,7534.27784288,7388.412541241,"G1"
1982,2881.57408407,2881.57408407,"G3"
1982,1713.34072254,1181.99316504,"G3"
1982,7212.74870794,7212.7487079476,"G3"
1982,2438.90842438,2438.908424381,"G1"
1982,3388.54688368,3388.54688368029,"G5"
1982,1328.07982395,1328.07982395,"G5"
1982,202.234949612,143.998295762,"G3"
1982,5047.10495561,5047.10496533631,"G5"
1982,2417.05665609,2417.05665608,"G4"
1982,371.88743505,361.046859540251,"G4"
1987,3343.57341998,1933.74783346,"G8"
1987,5332.00914274,5332.00914274,"G6"
1987,14515.0170721,14515.01707208,"G6"
1987,4093.04309541,4093.043095409,"G6"
1987,290.430693443,290.430693443,"G5"
1987,291.659554263,268.018366881,"G6"
1987,589.209288683,589.209288684,"G4"
1987,369.761998212,369.761998212,"G4"
1987,318.470141303,318.4701413031,"G3"
1987,492.069820821,492.0698226209,"G3"
1987,1016.60112115,1016.60112116,"G4"
1987,42400.563947,42400.5639469763,"G3"
1987,968.442922493,968.285430521,"G2"
1987,387.607939091,387.607939091,"G3"
1987,1413.11706187,1413.11706187,"G5"
1987,1238.21674846,1238.21674846,"G6"
1987,892.319264296,892.319264295,"G6"
1987,321.06603925,321.066039251,"G6"
1987,3163.62439478,3163.62439477708,"G6"
1987,4364.6410903,4364.641090298,"G6"
1987,889.552127982,889.552127981,"G8"
1987,1034.01330868,1027.0264803,"G6"
1987,716.822965367,646.012854386,"G5"
1987,753.11211989,753.11211989,"G5"
1987,1123.57835004,759.782276118,"G5"
1987,89.8605373993,89.8605373993,"G6"
1987,28.365775778,28.3657757778,"G6"
1987,54.2956055832,54.2956055833,"G6"
1987,236.942219003,236.942219004,"G1"
1987,117.034365607,117.034365607008,"G5"
1987,207.088621659,207.0886216592,"G5"
1987,1136.47340533,1136.47340533,"G5"
1987,114.215173437,114.215173437,"G5"
1987,5335.93104781,4496.46672046051,"G5"
1987,9976.63583068,8998.96017978644,"G5"
1987,11704.4333178,11704.4333177508,"G5"
1987,403.576985903,403.576985904,"G5"
1987,457.448511247,457.448511247,"G5"
1987,1628.06548044,1628.06548044,"G4"
1987,4170.6677416,4170.6677416,"G8"
1987,20217.5130139,20217.5130139,"G6"
1987,64.6965878821,64.6965878818,"G3"
1987,872.478053721,872.478053721,"G5"
1987,2450.0242767,2450.0242766933,"G4"
1987,129.401613721,129.401613721,"G5"
1992,1079.21127136,1079.21127136,"G5"
1992,5720.62546202,5720.62546202,"G5"
1992,8521.74237846,4478.65111699,"G6"
1992,18742.2468071,16221.1904373,"G4"
1992,598.840816509,598.84081650962,"G6"
1992,285.010730658,285.010730659,"G6"
1992,537.408827672,537.4088276711,"G5"
1992,214.421677546,175.768151242,"G9"
1992,44.7417454206,44.74174542084,"G9"
1992,130.284025885,130.284025885,"G9"
1992,111.672289565,111.672289565,"G6"
1992,104.471292072,104.4712920717,"G6"
1992,137.352580477,137.352580477,"G6"
1992,97.966132076,97.9661320765,"G5"
1992,163.395850385,163.3958503851,"G5"
1992,302.996977065,302.9969770638,"G5"
1992,5119.51243064,3119.6594195741,"G4"
1992,849.486928504,849.4869285053,"G3"
1992,308.584160288,308.5841602878,"G3"
1992,8021.0746643,6532.61644748385,"G3"
1992,2148.76859959,2141.41894036328,"G5"
1992,717.308178921,717.308178921,"G3"
1992,1253.6169589,1253.6169588962,"G3"
1992,1835.54495201,1835.54495201491,"G2"
1992,917.780980959,917.780980959,"G5"
1992,101.720754838,101.720754838,"G6"
1992,67.276647241,67.2766472412,"G6"
1992,147.643426119,147.643426119,"G6"
1992,400.445716104,400.445716104,"G6"
1992,779.496784466,779.4967844672,"G6"
1992,233.329676021,233.3296760202,"G5"
1992,41.3011245033,41.3011245029,"G5"
1992,148.675879435,148.675879435,"G3"
1992,78.6026041577,78.6026041578,"G5"
1992,24.0538132433,24.0538132433,"G5"
1992,26.4460096337,26.446009634,"G5"
1992,45.7073186461,45.7073186463,"G4"
1992,66.5471910961,66.5471910961,"G8"
1992,13420.5720995,13420.5720995664,"G5"
1992,104.952507148,104.952507148,"G3"
1992,571.869791623,571.869791623,"G2"
1992,2837.50048096,2837.50048096,"G6"
1992,911.047066087,911.047066087,"G5"
1992,2027.65488389,2022.56375926,"G5"
1992,2160.60778251,2160.60778251,"G6"
1992,526.473175659,526.473175659,"G8"
1992,914.314396019,67.3188075642,"G8"
1992,926.374605883,926.374605882063,"G5"
1992,2789.74548163,2606.464614872,"G5"
1992,1293.11456876,1293.11456875922,"G5"
1992,814.328873721,814.328873721,"G5"
1992,315.106146134,315.106146134,"G5"
1992,318.886491575,318.886491575,"G5"
1992,427.2709,427.2709,"G5"
1992,4953.83432998,133.302038031,"G5"
1992,127.914879425,127.914879425,"G8"
1992,236.682678147,236.6826781458,"G6"
1992,46.9531153198,46.95311532,"G6"
1992,338.705929372,338.705929372,"G6"
1992,142.453852287,142.453852287,"G6"
1992,2766.64675523,874.709638581,"G5"
1992,2866.06262103,2866.0626210296,"G5"
1992,480.278685014,480.278685013,"G5"
1992,255.462403129,255.462403129,"G5"
1992,6509.12291041,5107.83408557,"G4"
1992,188.708061241,188.708061241,"G5"
1992,363.426142904,363.426142904,"G5"
1992,109.707064738,109.707064738,"G5"
1992,23832.0777096,13938.637091772,"G4"
1992,215.101173045,146.05247969631,"G5"
1992,2732.65371411,2732.65371411,"G5"
1997,539.085038755,539.085038754,"G5"
1997,971.598205715,971.598205716,"G5"
1997,18655.5525699,10692.3120942238,"G4"
1997,221.583383056,221.5833816065,"G6"
1997,942.098179441,942.098179441,"G5"
1997,12089.635049,12089.6350489637,"G3"
1997,114.85094999,114.85094999,"G3"
1997,856.856108907,856.856108908,"G5"
1997,595.675811195,595.6758111954,"G5"
1997,355.425700149,355.42570014851,"G4"
1997,638.707958295,638.707958295,"G4"
1997,386.884441257,386.884441256,"G4"
1997,19288.5666045,19288.5666044526,"G3"
1997,1524.08885241,1524.0888524062,"G2"
1997,545.046719962,545.046719961,"G2"
1997,203.676521253,175.28957354,"G3"
1997,1284.698379,990.3146684452,"G3"
1997,4855.36065726,4855.36065726081,"G3"
1997,461.023172918,461.023172918,"G4"
1997,253.684314443,253.684314443,"G3"
1997,10438.5332741,10438.5332740621,"G3"
1997,133.817246171,133.8172430083,"G3"
1997,162.589587626,162.589587626,"G3"
1997,1047.33614078,1047.33614078,"G3"
1997,1189.21166457,1189.2116641327,"G3"
1997,22144.6120077,22144.6120076776,"G5"
1997,5482.78937531,5482.789375313,"G5"
1997,114.597978111,114.597978111,"G5"
1997,1760.32442513,1760.32442513,"G8"
1997,117.012238028,117.012238028,"G8"
1997,196.2317186,196.2317186,"G6"
1997,63.9522795654,63.9522795658,"G6"
1997,139.672702794,139.672702794,"G6"
1997,1647.79283403,1647.7928340273,"G5"
1997,6151.16560497,1272.21588403,"G5"
1997,865.752366805,865.752366805,"G5"
1997,1587.64603509,1587.64603508,"G5"
1997,1870.98790759,1870.98790759,"G5"
1997,160.224113613,160.224113613492,"G4"
1997,292.355989847,292.35598984651,"G4"
1997,355.692121483,355.6921214832,"G3"
1997,11618.9867739,11618.98677393,"G2"
1997,16107.1892326,13926.4058532003,"G2"
1997,453.201189796,453.201189797,"G2"
1997,645.158352212,595.5881040137,"G2"
1997,2621.332182,2621.33218199642,"G6"
1997,42.4158481859,42.415848186,"G6"
1997,2874.80847061,2874.80847061,"G5"
1997,46.8102049793,46.8102049793,"G5"
1997,483.097071853,483.097071852,"G5"
1997,148.893442891,148.893442891,"G5"
1997,115.208354002,115.208354001,"G5"
1997,49.9664701358,49.9664701358,"G5"
1997,382.720942425,382.720942425,"G5"
1997,678.967995841,310.070743729,"G5"
1997,480.240445571,480.240445572,"G8"
1997,370.892197851,370.892197852,"G5"
1997,229.460938654,229.4609386535,"G5"
1997,278.842158538,278.842158538,"G5"
1997,103.054281364,103.054281364,"G4"
1997,728.886081289,728.886081289,"G8"
1997,818.395947985,818.395947985,"G8"
1997,22047.1949417,21634.942171052,"G6"
1997,286.219183815,286.219183815,"G6"
1997,1154.21460938,1154.21460938,"G6"
1997,423.261003204,423.261003205,"G6"
1997,300.077198819,300.077198819,"G6"
1997,185.112585883,185.1125858833,"G5"
1997,6174.05474752,6174.05474752,"G5"
1997,5448.71367267,3429.54335545307,"G2"
1997,32867.8289473,32712.3179447059,"G3"
1997,749.550990444,749.550990443,"G4"
1997,1255.28901557,1255.28901556729,"G5"
1997,682.881163574,682.881163574932,"G5"
1997,256.475013961,256.47501396,"G9"
1997,479.798394905,329.220511323,"G8"
1997,55.2862662015,55.2862695274176,"G5"
1997,3805.76970533,133.075664387,"G5"
1997,635.676934428,635.676934428,"G5"
1997,68.9064753238,68.9064753238159,"G5"
1997,1146.29990341,1146.2999034106,"G5"
1997,120.77333817,120.77333817,"G3"
1997,16252.7332006,11360.056275743,"G4"
1997,77.4990980781,77.4990980782,"G5"
1997,1427.46114393,1048.4768645518,"G3"
1997,2235.9263114,1643.53835423,"G3"
1997,9494.93516904,9494.93516903984,"G3"
1997,125.511062197,125.511062197,"G5"
1997,10915.377424,5793.11259139148,"G5"
1997,101.449792367,46.294816833,"G5"
1997,19554.9213395,19554.9213395084,"G3"
1997,448.279007284,250.9637854887,"G2"
1997,258.266371797,258.266371797,"G3"
1997,3969.98646855,2604.104375184,"G3"
1997,637.265694838,637.265694837,"G3"
1997,541.562212868,541.5622128679,"G3"
1997,69.9478582245,69.94785822458,"G3"
1997,17727.5811127,10356.7969808682,"G5"
1997,787.88319742,787.883219430291,"G7"
1997,733.461255429,733.461255429,"G5"
1997,777.9661608,2.44367050907,"G3"
1997,501.876894204,501.876894204,"G3"
1997,20533.3395946,20297.2749642862,"G5"
1997,283.956428564,283.9564285641,"G5"
1997,2511.24758492,2511.247584917,"G5"
1997,2680.07224059,2680.0722405865,"G4"
1997,2669.79201225,1751.50092145013,"G4"
1997,88.1111341173,88.1111341171,"G2"
1997,1212.67379767,667.00428003,"G6"
1997,1191.59331011,1191.5933101074,"G3"
1997,116.410785013,116.4107850133,"G7"
1997,12294.6186064,12294.6186064193,"G3"
1997,43.4920517148,43.4920517148,"G4"
1999,286.186219829,286.186219829,"G6"
1999,7688.31756846,7688.31756846,"G5"
1999,172.813490359,172.813490359,"G6"
2000,5920.58831163,4787.64229696668,"G5"
2000,42.1744515979,42.1744515977,"G5"
2001,152.768730754,152.768730754,"G5"
2002,998.677202553,58.234734631364,"G5"
2002,364.212297025,364.212297026,"G5"
2002,11190.4185999,11190.418599978,"G1"
2002,1518.40552887,1518.405528869,"G3"
2002,23423.6934394,23416.3981666864,"G5"
2002,15059.9387972,9463.66911412,"G3"
2002,3448.5767498,3448.576749802,"G3"
2002,5114.20282183,5114.20282112752,"G5"
2002,5175.41230298,5175.412302984,"G3"
2002,3124.06832971,3124.06832971,"G3"
2002,54610.4750411,54500.2378365592,"G3"
2002,5830.493053,5830.49305300052,"G3"
2002,12654.965088,12654.965088059,"G3"
2002,4785.6899548,2975.9162198004,"G3"
2002,5282.17413551,5116.71779677048,"G3"
2002,817.183562198,817.1835621981,"G3"
2002,30279.3385201,15259.3912088206,"G2"
2002,8142.28168141,3787.8079242,"G5"
2002,789.551415098,789.551415098,"G5"
2002,1141.81008834,1141.810088337,"G5"
2002,18231.2272785,18231.2272784439,"G5"
2003,284.208752163,284.208752163,"G4"
2003,43.5533486736,43.55334867352,"G4"
2003,259.52223138,259.522231379,"G5"
2003,1024.71205128,1024.7120512806,"G6"
2003,370.22243576,370.2224357592,"G3"
2003,1743.42419479,1743.4241947845,"G4"
2005,411.741045996,411.741045995,"G8"
2005,727.990918957,727.990918957,"G8"
2005,11260.2669568,11078.0147034383,"G6"
2005,5182.91711129,3172.30459265894,"G5"
2005,1639.07821396,1639.07821396,"G5"
2005,9751.92269211,9751.9226921041,"G5"
2005,76.3268178538,76.3268270008,"G5"
2005,56.7384938091,56.7384938089,"G5"
2005,11080.5281729,11080.528243653,"G5"
2005,2374.73716933,334.761710776,"G5"
2005,371.700776255,371.700776255,"G5"
2005,1496.56721338,1496.567213376,"G5"
2005,1929.10322118,1861.3442637429,"G5"
2005,335.28088898,335.28088898,"G5"
2005,24146.8767031,24146.8767031211,"G5"
2005,58897.5692315,19150.2041246,"G5"
2005,113.976607445,113.97660744529,"G5"
2005,375.302288338,375.30228833861,"G5"
2005,2487.20562074,2487.2056207403,"G4"
2005,73.4578679177,1.24692827995,"G5"
2005,58.0048954011,58.0048954012,"G4"
2005,2291.69082716,2291.69082716,"G5"
2005,808.149138028,808.149138028,"G6"
2006,950.919858088,950.9198580888,"G2"
2006,14.3022785377,14.3022785377,"G3"
2006,100.047496876,100.047496876286,"G3"
2007,949.503336768,949.503336767,"G5"
2007,7.73758557374,7.73758557373,"G8"
2010,157.005024888,157.005024889,"G6"
2010,20.970845085,20.9708450849,"G10"
2010,56.4485078797,56.4485078797,"G1"
2010,629.212117629,629.212117629395,"G3"
2010,933.536074306,933.53607430666,"G6"
2010,773.965747443,773.9657474442,"G8"
2010,387.548558652,387.54855865164,"G3"
2010,24935.2865175,19030.8670101016,"G2"
2010,1171.99197065,1171.99197065106,"G2"
2010,28849.4726193,19114.4101888876,"G3"
2009,2.07721953765,2.07721953765,"G4"
2009,8.02157781367,8.02157781366,"G10"
2009,11.7351275426,11.7351275427,"G7"
2009,3.30525689889,3.305256898877,"G5"
2009,6.88700839701,6.88700839882475,"G1"
2009,37.0188146092,37.0188146092,"G4"
2009,987.894154418,987.894154418,"G5"
2009,95.4776146838,95.4776146838,"G5"
2009,5446.30295424,5446.3029676639,"G5"
2009,1873.15284761,1873.15284761,"G5"
2009,902.802383084,902.80238297152,"G5"
2009,2293.8518006,2293.851800607,"G5"
2009,895.883996044,895.8839965458,"G5"
2009,165.051691863,165.051691863,"G5"
2009,2897.96117807,2823.808816657,"G5"
2009,88.7284937163,88.7284937161,"G8"
2009,10.8033661894,10.8033661894,"G4"
2009,23.1213002704,23.1213002704,"G5"
2009,329.428617452,240.415910797,"G5"
2009,437.52130655,437.52130600125,"G5"
2009,4.87262876198,4.872628762,"G5"
2009,2871.85296286,2871.8529626985,"G5"
2009,341.139464455,341.139464455,"G5"
2009,272.216596585,272.216596585,"G5"
2009,633.44657087,633.446570869,"G5"
2009,3029.91751996,2966.6032007473,"G4"
2009,5554.8899144,5554.8899144001,"G4"
2009,10477.5797132,10054.4171356601,"G3"
2009,1280.56181178,1280.561812355,"G3"
2009,562.617218825,537.591387318,"G8"
2009,105.206383792,105.206383792,"G3"
2009,5820.11996807,5820.1199677586,"G3"
2009,8819.65685752,8819.65685752792,"G4"
2009,3672.48863473,3672.48863470118,"G4"
2009,79.92000075,79.9200007502,"G1"
2009,11.6100009,11.6100009,"G3"
2009,56.97000165,56.9700016502,"G5"
2009,163.44000105,163.44000105,"G3"
2011,1108.04535851,1108.045358508,"G1"
2011,3707.56567539,3707.565675388,"G5"
2011,1692.56611932,1692.566119323,"G3"
2011,2533.66520984,1926.713224998,"G1"
2011,3065.75996012,3065.75996012,"G4"
2012,297.010420952,297.010420952,"G5"
2012,2999.3353696,2999.3353695979,"G5"
2012,38.3168363151,38.3168363152,"G5"
2012,11440.8029109,5842.0849418397,"G6"
2013,1270.02306956,1270.023069561,"G5"
2013,1579.04257862,1579.04257862,"G5"
2013,880.282590619,880.2825906188,"G3"
2013,141.148898871,141.148898871,"G4"
2013,33.6657858929,33.6657858929,"G4"
1973,97.9680557663,97.968055766,"G6"
2011,385.455614632,385.45561463163,"G1"
1973,692.527082175,692.527082175,"G1"
1973,365.92424891,365.92424891,"G1"
1974,123.934055428,123.934055427,"G5"
1974,336.747963422,336.747963422,"G5"
1974,165.223057799,165.22305779942,"G1"
1974,18.590561312,18.590561312,"G5"
1975,353.142229624,353.142229624,"G6"
1975,148.146733412,148.146733412,"G1"
2013,21.7166037236,21.7166037236,"G3"
1976,838.357576854,52.44580177,"G6"
2015,1.43437882037,1.43437882036,"G4"
1976,181.443872633,181.443872633,"G6"
1976,485.567269216,485.5672692152,"G5"
1976,457.063605557,457.0636055571,"G1"
1976,976.385974262,976.385974262,"G4"
1976,308.764665271,308.764665271,"G4"
1977,361.277270453,361.277270452,"G1"
1978,171.002751509,171.002751509,"G3"
1979,155.371348328,155.37134832826,"G3"
1979,27.8545617109,27.854561711,"G1"
1979,16.6710943483,16.6710943482,"G1"
1979,21.419388129,21.419388129143,"G1"
1979,13.5847337866,13.5847337864,"G3"
1980,106.689608596,106.689608596,"G6"
2005,28.8277666375,28.8277666375,"G4"
2013,0.839646619849,0.839646619872,"G4"
1981,265.805325299,265.805325299,"G1"
1981,6025.28332963,6025.2833296331,"G1"
2003,24.5269913349,24.5269913348,"G1"
2013,2.71676113961,2.71676113963,"G1"
2005,250.326875324,250.326875323,"G5"
2004,67.5205101031,67.520510103,"G3"
1983,202.00031524,202.00031523949,"G1"
1997,193.781492524,193.781492524,"G4"
1997,45.4919152571,45.491915257,"G4"
1983,34.224257638,34.22425763785,"G3"
1972,1089.0137971,1019.48780631028,"G4"
1988,39.2249052532,39.2249052532,"G3"
1985,109.091194395,109.091194395,"G5"
1985,110.824767791,110.824767791,"G4"
2006,53.6565990251,53.6565990251,"G3"
2013,78.6205787092,78.62057898178,"G3"
2010,22.4233735869,22.4233735869,"G7"
1988,140.227048756,140.227048755,"G6"
1988,202.76607443,113.864919121,"G1"
1988,99.7506248463,99.620029361,"G8"
1988,576.270862357,576.270862356,"G5"
1989,135.601514091,135.601514091,"G4"
1989,90.5525086877,90.5525086876,"G4"
1989,124.795922005,100.563622957,"G4"
2013,63.2258347452,63.2258347452,"G4"
2010,15.5567956917,15.55679569181,"G1"
2010,125.974835344,125.974835343859,"G1"
2013,5.78231167613,5.78231167616,"G1"
1991,152.161268637,152.161268637,"G1"
2012,353.882634046,353.882634047,"G1"
2014,1.62017746298,1.62017746301,"G3"
1990,375.474506703,375.474506702,"G7"
1991,151.182145029,151.182145029,"G1"
1991,77.2555859024,77.2555859025,"G6"
1991,4786.97741943,4786.9774194222,"G1"
1992,4786.97741943,4786.9774194222,"G1"
2014,0.386430598999,0.386430599018,"G6"
1993,7.89626330671,7.89626330669,"G5"
1972,345.202508505,345.20250850325,"G3"
1972,345.202508505,345.20250850325,"G3"
1972,1699.41645349,1572.38713191283,"G4"
2005,50.1415469358,50.1415469357,"G1"
1994,360.068633665,5553.43666279,"G3"
1996,6847.60716995,6373.00807522987,"G3"
1995,37.1627800221,37.1627800221208,"G4"
1995,35.1975537883,35.1975537882,"G4"
1995,27.9232348353,27.9232348354,"G5"
1995,30.4926382301,30.4926382301,"G3"
1995,176.214550985,176.214550986,"G1"
1995,371.184062574,371.184062573,"G5"
1995,29.9233433673,29.9233433674,"G5"
1982,1935.25427447,1935.254274471,"G3"
1995,67.9186181598,67.9186181596,"G4"
1997,210.576936209,210.4900174251,"G1"
1977,1043.00129862,865.803738725,"G1"
1995,355.3893791,355.3893791004,"G3"
1992,355.3893791,355.3893791004,"G3"
1995,2926.2243596,2804.35448807311,"G3"
1997,2926.2243596,2804.35448807311,"G3"
2001,12.800510924,12.800510924,"G4"
1996,86.0473113152,86.0473113153,"G4"
1982,133.832338917,133.832338917,"G3"
1996,33.1529935846,33.1529935847,"G4"
1996,61.0185701214,61.0185701214,"G6"
1996,14.7525375296,14.7525375298,"G5"
1996,17.6694080164,17.6694080166,"G3"
2010,309.155569982,309.155569982,"G4"
1996,300.177897628,300.1778976275,"G4"
1996,89.738181545,89.738181545,"G5"
1996,49.4098020815,49.4098020815,"G5"
1996,147.316526533,147.3165265332,"G1"
1996,27.1186122665,27.1186122665,"G4"
1996,618.695833526,618.6958335261,"G4"
1996,710.248724985,710.248724985,"G5"
2006,85.2971205709,85.297120571,"G3"
1996,296.810320272,157.214512678,"G6"
1997,26.1497463128,26.1497463128,"G5"
1997,165.295592301,165.295592301,"G5"
2007,135.661969886,135.661969887,"G4"
2007,394.610454817,394.610454817,"G4"
1998,52.7184647737,52.7184647737,"G6"
1992,76.0150702475,76.0150702475,"G9"
2000,14.9880143623,14.98801436232,"G4"
2000,35.5444089051,35.5444089049709,"G6"
2002,64.9617230285,64.9617230283,"G4"
2012,27.3168327757,27.3168327758,"G1"
1997,34.44312598,34.44312598,"G4"
2003,48.488975494,48.48897549389,"G3"
2003,81.4438928343,81.443892834,"G5"
2006,97.5421574666,97.54215746676,"G5"
2007,1669.78902974,1669.78902974,"G5"
2005,13.8412274438,13.8412274435,"G5"
2005,72.4343919179,72.4343919177,"G6"
2005,80.3345633773,80.3345633774,"G5"
2007,39.9767930429,39.9767930431,"G4"
1977,404.754106951,404.754106951,"G5"
1992,54.6798892773,54.6798892774,"G4"
2015,2.54997835294,2.54997835288,"G10"
2014,984.01257744,984.012577441,"G6"
1977,843.197793156,843.197793156,"G5"
1987,481.588586736,481.588586736,"G5"
1987,701.369708874,701.369708874,"G5"
2009,2.50488375632,2.50488375633,"G4"
1992,39.4027555415,39.4027555414,"G3"
1977,829.133930811,829.133930811,"G1"
1982,95.7629229482,95.7629229483,"G6"
2009,4.22070410711,4.22070410711,"G5"
1992,11.0718617264,11.0718617264,"G6"
1992,544.416466773,544.416466773,"G4"
2009,14.9033808508,14.9033808508,"G4"
1997,32.7676997846,32.7676997846,"G5"
1997,6.53572208612,6.53572208611,"G1"
1997,6.53572208612,6.53572208611,"G1"
1997,61.6487485243,61.64874852432,"G6"
1997,304.704652533,304.704652533,"G6"
1997,19.5737772882,19.5737772883,"G5"
1997,10.4426972642,10.4426972639,"G5"
1997,88.6713970259,88.671397026,"G5"
1997,238.794544844,238.794544843,"G4"
2002,74.4352806525,74.4352806527,"G3"
2002,47.4130883425,47.4130883426,"G3"
2002,62.3009857771,62.3009857769,"G3"
2006,72.9668311248,72.9668311248,"G5"
2007,72.9668311248,72.9668311248,"G5"
2009,7.30690423634,7.30690423637,"G1"
1989,1401.19328393,1401.19328393,"G1"
1997,14.2469089967,14.2469089967,"G4"
2006,95.7921940799,95.79219407954,"G5"
2007,95.7921940799,95.79219407954,"G5"
1992,44.0949296214,44.0949296218,"G5"
